Year,Rank,Name,Prize Money,Players/Tournaments
1998,1.,United States,"$133,250.00",53 Players
1998,2.,Canada,"$12,400.00",4 Players
1998,3.,United Kingdom,$300.00,1 Player
1998,4.,Sweden,$150.00,1 Player
1999,1.,United States,"$123,761.09",28 Players
1999,2.,"Korea, Republic of","$82,941.68",20 Players
1999,3.,Canada,"$60,416.35",12 Players
1999,4.,United Kingdom,"$11,600.00",3 Players
1999,5.,Sweden,"$3,000.00",3 Players
2000,1.,United States,"$249,063.40",96 Players
2000,2.,"Korea, Republic of","$206,619.75",46 Players
2000,3.,Sweden,"$91,384.14",19 Players
2000,4.,Canada,"$37,427.49",16 Players
2000,5.,United Kingdom,"$21,252.70",7 Players
2000,6.,Russian Federation,"$15,777.99",5 Players
2000,7.,"Taiwan, Republic of China","$15,000.00",1 Player
2000,8.,Germany,"$10,731.33",21 Players
2000,9.,Norway,"$9,280.86",2 Players
2000,10.,Denmark,"$7,930.39",9 Players
2000,11.,Hong Kong,"$7,692.00",3 Players
2000,12.,Netherlands,"$6,087.63",2 Players
2000,13.,Australia,"$4,556.80",5 Players
2000,14.,Finland,"$2,190.84",6 Players
2000,15.,Venezuela,"$1,000.00",1 Player
2000,16.,Hungary,$876.33,2 Players
2000,17.,France,$701.05,5 Players
2000,18.,New Zealand,$500.00,1 Player
2000,19.,Croatia,$438.17,1 Player
2000,20.,Singapore,$400.00,1 Player
2000,21.,South Africa,$365.53,5 Players
2000,22.,Spain,$300.00,1 Player
2000,23.,Northern Mariana Islands,$300.00,1 Player
2001,1.,United States,"$196,572.65",74 Players
2001,2.,"Korea, Republic of","$176,735.95",46 Players
2001,3.,Sweden,"$97,170.85",33 Players
2001,4.,Germany,"$77,020.45",44 Players
2001,5.,Russian Federation,"$70,230.48",34 Players
2001,6.,Canada,"$56,847.16",26 Players
2001,7.,"Taiwan, Republic of China","$40,500.00",3 Players
2001,8.,France,"$28,175.56",35 Players
2001,9.,Denmark,"$18,099.14",12 Players
2001,10.,China,"$17,000.00",5 Players
2001,11.,Italy,"$16,525.00",6 Players
2001,12.,Norway,"$15,882.21",8 Players
2001,13.,Finland,"$15,110.55",20 Players
2001,14.,United Kingdom,"$9,913.59",11 Players
2001,15.,Netherlands,"$9,795.37",7 Players
2001,16.,Kazakhstan,"$7,500.00",8 Players
2001,17.,Australia,"$5,985.30",4 Players
2001,18.,Austria,"$5,600.00",4 Players
2001,19.,Hong Kong,"$5,000.00",1 Player
2001,20.,Japan,"$3,000.00",4 Players
2001,21.,Brazil,"$2,539.67",7 Players
2001,22.,Singapore,"$2,000.00",6 Players
2001,23.,Argentina,$955.84,3 Players
2001,24.,Belgium,$756.97,2 Players
2001,25.,Switzerland,$625.00,1 Player
2001,26.,Malaysia,$150.00,1 Player
2001,27.,Ireland,$131.97,1 Player
2001,28.,Greece,$75.00,1 Player
2001,29.,Lithuania,$50.00,1 Player
2002,1.,"Korea, Republic of","$188,213.44",49 Players
2002,2.,United States,"$176,229.30",183 Players
2002,3.,Germany,"$121,587.86",68 Players
2002,4.,Russian Federation,"$119,991.22",45 Players
2002,5.,Sweden,"$104,950.36",58 Players
2002,6.,Canada,"$63,866.68",30 Players
2002,7.,France,"$30,619.97",16 Players
2002,8.,Norway,"$28,235.00",10 Players
2002,9.,Japan,"$26,500.00",4 Players
2002,10.,United Kingdom,"$24,886.70",10 Players
2002,11.,Netherlands,"$14,083.33",8 Players
2002,12.,"Taiwan, Republic of China","$11,000.00",2 Players
2002,13.,China,"$10,400.00",7 Players
2002,14.,Spain,"$10,300.00",2 Players
2002,15.,Denmark,"$7,114.06",18 Players
2002,16.,Austria,"$5,093.89",4 Players
2002,17.,Poland,"$5,033.33",2 Players
2002,18.,New Zealand,"$5,000.00",1 Player
2002,19.,Italy,"$4,500.00",1 Player
2002,20.,Finland,"$4,244.80",6 Players
2002,21.,Czech Republic,"$3,642.00",8 Players
2002,22.,Brazil,"$3,536.60",21 Players
2002,23.,Kazakhstan,"$3,500.00",10 Players
2002,24.,Argentina,"$3,400.00",2 Players
2002,25.,Australia,"$3,250.00",6 Players
2002,26.,Hong Kong,"$1,750.00",1 Player
2002,27.,Ukraine,"$1,750.00",1 Player
2002,28.,Viet Nam,"$1,589.83",1 Player
2002,29.,Chile,"$1,500.00",8 Players
2002,30.,Singapore,"$1,250.00",5 Players
2002,31.,Portugal,"$1,000.00",1 Player
2002,32.,South Africa,"$1,000.00",1 Player
2002,33.,Lithuania,$600.00,1 Player
2002,34.,Malaysia,$473.40,3 Players
2002,35.,Israel,$300.00,1 Player
2002,36.,Serbia,$300.00,1 Player
2002,37.,Jamaica,$83.33,1 Player
2002,38.,Bulgaria,$50.00,1 Player
2003,1.,Sweden,"$397,386.92",108 Players
2003,2.,"Korea, Republic of","$333,406.37",99 Players
2003,3.,United States,"$274,974.26",192 Players
2003,4.,Germany,"$240,014.77",67 Players
2003,5.,Norway,"$73,150.51",8 Players
2003,6.,Russian Federation,"$62,371.14",109 Players
2003,7.,"Taiwan, Republic of China","$50,273.98",6 Players
2003,8.,France,"$46,654.67",33 Players
2003,9.,Netherlands,"$43,592.42",15 Players
2003,10.,United Kingdom,"$40,658.36",25 Players
2003,11.,Bulgaria,"$37,558.38",7 Players
2003,12.,China,"$33,150.00",21 Players
2003,13.,Spain,"$30,122.92",29 Players
2003,14.,Canada,"$28,991.71",16 Players
2003,15.,Denmark,"$25,393.92",31 Players
2003,16.,Italy,"$23,892.18",4 Players
2003,17.,Finland,"$16,002.51",18 Players
2003,18.,Austria,"$15,658.35",6 Players
2003,19.,Brazil,"$14,375.50",16 Players
2003,20.,Kazakhstan,"$13,380.00",15 Players
2003,21.,Poland,"$10,830.38",10 Players
2003,22.,Ukraine,"$7,494.05",44 Players
2003,23.,Czech Republic,"$5,343.80",13 Players
2003,24.,Romania,"$5,287.18",1 Player
2003,25.,Japan,"$5,057.21",14 Players
2003,26.,Australia,"$5,030.00",2 Players
2003,27.,United Arab Emirates,"$5,000.00",4 Players
2003,28.,Argentina,"$4,130.00",2 Players
2003,29.,Singapore,"$3,024.92",7 Players
2003,30.,Belarus,"$2,869.55",22 Players
2003,31.,Serbia,"$2,300.00",1 Player
2003,32.,Belgium,"$1,507.14",3 Players
2003,33.,Iceland,"$1,500.00",5 Players
2003,34.,Lithuania,"$1,400.00",1 Player
2003,35.,Hong Kong,"$1,195.36",1 Player
2003,36.,Israel,$650.00,1 Player
2003,37.,Greece,$431.00,1 Player
2003,38.,Hungary,$368.22,1 Player
2003,39.,Viet Nam,$327.77,1 Player
2003,40.,Croatia,$240.62,1 Player
2003,41.,Portugal,$210.00,1 Player
2003,42.,Ireland,$100.02,1 Player
2003,43.,Mexico,$100.00,1 Player
2003,44.,Estonia,$50.00,1 Player
2004,1.,"Korea, Republic of","$805,603.73",226 Players
2004,2.,United States,"$460,470.17",244 Players
2004,3.,Sweden,"$324,920.22",117 Players
2004,4.,Germany,"$286,447.24",96 Players
2004,5.,China,"$192,627.92",104 Players
2004,6.,Russian Federation,"$158,388.34",151 Players
2004,7.,Netherlands,"$124,638.74",10 Players
2004,8.,Denmark,"$110,907.82",25 Players
2004,9.,Brazil,"$66,358.45",61 Players
2004,10.,France,"$63,487.90",41 Players
2004,11.,Finland,"$55,440.40",42 Players
2004,12.,Norway,"$48,992.54",49 Players
2004,13.,Canada,"$36,791.62",22 Players
2004,14.,Austria,"$33,292.85",17 Players
2004,15.,Singapore,"$16,863.25",9 Players
2004,16.,Bulgaria,"$16,264.26",14 Players
2004,17.,Poland,"$16,019.78",16 Players
2004,18.,United Kingdom,"$14,988.84",16 Players
2004,19.,Venezuela,"$14,300.00",2 Players
2004,20.,Ukraine,"$14,137.75",68 Players
2004,21.,Italy,"$10,680.00",5 Players
2004,22.,Portugal,"$8,928.00",18 Players
2004,23.,Argentina,"$7,128.00",3 Players
2004,24.,Czech Republic,"$7,014.17",17 Players
2004,25.,Spain,"$5,654.34",25 Players
2004,26.,Japan,"$5,278.00",11 Players
2004,27.,Romania,"$3,897.00",6 Players
2004,28.,Croatia,"$3,802.57",1 Player
2004,29.,Kazakhstan,"$3,360.71",3 Players
2004,30.,Belarus,"$2,802.66",9 Players
2004,31.,Hong Kong,"$2,625.00",7 Players
2004,32.,Serbia,"$2,026.50",1 Player
2004,33.,Thailand,"$1,590.22",1 Player
2004,34.,Greece,"$1,571.40",9 Players
2004,35.,Peru,"$1,500.00",2 Players
2004,36.,Israel,"$1,200.00",2 Players
2004,37.,Chile,"$1,000.00",5 Players
2004,38.,Hungary,"$1,000.00",5 Players
2004,39.,Saudi Arabia,"$1,000.00",1 Player
2004,40.,Ireland,$800.00,1 Player
2004,41.,Estonia,$750.00,1 Player
2004,42.,Uruguay,$500.00,1 Player
2004,43.,Slovakia,$470.40,1 Player
2004,44.,Belgium,$400.00,1 Player
2004,45.,Lithuania,$100.00,1 Player
2004,46.,Viet Nam,$100.00,5 Players
2004,47.,"Taiwan, Republic of China",$65.00,3 Players
2004,48.,Slovenia,$50.00,2 Players
2004,49.,Malta,$33.33,1 Player
2004,50.,Bahrain,$25.00,1 Player
2004,51.,"Iran, Islamic Republic of",$20.00,1 Player
2005,1.,United States,"$847,732.98",305 Players
2005,2.,"Korea, Republic of","$841,409.04",100 Players
2005,3.,Germany,"$429,767.92",177 Players
2005,4.,Sweden,"$401,672.14",110 Players
2005,5.,Netherlands,"$271,416.76",17 Players
2005,6.,China,"$221,158.28",79 Players
2005,7.,Italy,"$180,460.23",6 Players
2005,8.,Russian Federation,"$177,811.69",138 Players
2005,9.,Norway,"$136,776.08",56 Players
2005,10.,Canada,"$122,441.67",29 Players
2005,11.,Denmark,"$91,343.60",59 Players
2005,12.,Brazil,"$85,315.15",44 Players
2005,13.,France,"$82,799.36",58 Players
2005,14.,Austria,"$57,345.96",14 Players
2005,15.,United Kingdom,"$53,969.54",13 Players
2005,16.,Spain,"$35,343.64",26 Players
2005,17.,Finland,"$31,744.32",31 Players
2005,18.,Poland,"$31,556.40",14 Players
2005,19.,Estonia,"$30,833.37",11 Players
2005,20.,Kazakhstan,"$28,360.71",8 Players
2005,21.,Japan,"$18,275.00",19 Players
2005,22.,Bulgaria,"$16,591.85",8 Players
2005,23.,Ukraine,"$15,072.33",38 Players
2005,24.,Saudi Arabia,"$13,000.00",1 Player
2005,25.,Singapore,"$11,044.75",4 Players
2005,26.,Australia,"$7,400.00",5 Players
2005,27.,Belgium,"$7,306.75",7 Players
2005,28.,Serbia,"$6,500.00",6 Players
2005,29.,Lithuania,"$5,911.20",1 Player
2005,30.,Hungary,"$5,591.25",2 Players
2005,31.,Slovenia,"$4,166.67",1 Player
2005,32.,Croatia,"$3,590.89",1 Player
2005,33.,Czech Republic,"$2,919.82",3 Players
2005,34.,Argentina,"$2,850.00",18 Players
2005,35.,Turkey,"$2,802.15",6 Players
2005,36.,Romania,"$1,500.00",6 Players
2005,37.,Belarus,"$1,312.26",11 Players
2005,38.,Israel,"$1,300.00",1 Player
2005,39.,Thailand,"$1,268.39",1 Player
2005,40.,Switzerland,"$1,000.00",1 Player
2005,41.,New Zealand,$600.00,1 Player
2005,42.,Chile,$575.00,6 Players
2005,43.,Viet Nam,$450.00,6 Players
2005,44.,Malta,$350.00,1 Player
2005,45.,Iceland,$157.79,1 Player
2005,46.,Venezuela,$150.00,1 Player
2005,47.,Greece,$119.49,1 Player
2005,48.,Hong Kong,$100.00,1 Player
2005,49.,Portugal,$50.00,1 Player
2006,1.,United States,"$1,553,259.46",391 Players
2006,2.,"Korea, Republic of","$972,180.61",137 Players
2006,3.,Sweden,"$578,527.48",113 Players
2006,4.,Germany,"$421,054.41",197 Players
2006,5.,China,"$393,250.84",103 Players
2006,6.,Russian Federation,"$362,312.78",178 Players
2006,7.,France,"$207,998.11",88 Players
2006,8.,Poland,"$117,577.46",29 Players
2006,9.,Brazil,"$115,742.45",57 Players
2006,10.,Netherlands,"$107,229.41",47 Players
2006,11.,Norway,"$102,534.81",52 Players
2006,12.,Ukraine,"$74,100.57",77 Players
2006,13.,Denmark,"$69,003.91",66 Players
2006,14.,Spain,"$60,848.70",24 Players
2006,15.,Canada,"$59,508.44",36 Players
2006,16.,Finland,"$57,884.86",47 Players
2006,17.,United Kingdom,"$39,707.06",42 Players
2006,18.,Estonia,"$38,288.25",14 Players
2006,19.,Austria,"$35,351.35",11 Players
2006,20.,Italy,"$25,388.84",16 Players
2006,21.,Japan,"$25,100.12",15 Players
2006,22.,Australia,"$20,270.50",11 Players
2006,23.,Belarus,"$19,669.11",7 Players
2006,24.,Romania,"$17,073.70",12 Players
2006,25.,Bulgaria,"$14,753.05",6 Players
2006,26.,Croatia,"$10,250.47",3 Players
2006,27.,Mexico,"$10,020.00",4 Players
2006,28.,Belgium,"$9,178.90",10 Players
2006,29.,Czech Republic,"$8,554.06",20 Players
2006,30.,Kazakhstan,"$4,981.10",13 Players
2006,31.,Portugal,"$3,802.25",30 Players
2006,32.,Peru,"$3,200.00",3 Players
2006,33.,Turkey,"$2,608.70",4 Players
2006,34.,Malaysia,"$2,500.00",5 Players
2006,35.,Greece,"$2,370.00",6 Players
2006,36.,Hong Kong,"$2,280.00",4 Players
2006,37.,Ireland,"$1,903.50",5 Players
2006,38.,Switzerland,"$1,689.55",5 Players
2006,39.,Argentina,"$1,632.74",7 Players
2006,40.,Thailand,"$1,450.00",1 Player
2006,41.,Indonesia,"$1,203.69",6 Players
2006,42.,Serbia,"$1,102.67",1 Player
2006,43.,Israel,$866.67,1 Player
2006,44.,South Africa,$770.71,5 Players
2006,45.,Hungary,$696.32,3 Players
2006,46.,Slovakia,$500.00,5 Players
2006,47.,Lithuania,$392.00,2 Players
2006,48.,Singapore,$380.46,2 Players
2006,49.,Venezuela,$350.00,2 Players
2006,50.,"Taiwan, Republic of China",$310.15,1 Player
2006,51.,Colombia,$300.00,1 Player
2006,52.,Viet Nam,$264.90,19 Players
2006,53.,Latvia,$150.00,1 Player
2006,54.,"Iran, Islamic Republic of",$88.84,1 Player
2006,55.,Malta,$70.00,1 Player
2006,56.,Slovenia,$37.50,1 Player
2006,57.,Morocco,$25.59,1 Player
2007,1.,United States,"$2,054,136.01",602 Players
2007,2.,"Korea, Republic of","$1,540,941.07",142 Players
2007,3.,Sweden,"$467,060.41",144 Players
2007,4.,Germany,"$424,952.32",220 Players
2007,5.,Canada,"$322,959.50",112 Players
2007,6.,Russian Federation,"$273,603.30",180 Players
2007,7.,China,"$266,941.75",112 Players
2007,8.,France,"$203,000.96",116 Players
2007,9.,Poland,"$201,387.74",51 Players
2007,10.,Denmark,"$193,117.38",87 Players
2007,11.,United Kingdom,"$187,310.46",115 Players
2007,12.,Netherlands,"$128,866.05",46 Players
2007,13.,Finland,"$127,774.70",61 Players
2007,14.,Ukraine,"$116,652.80",107 Players
2007,15.,Brazil,"$101,838.71",46 Players
2007,16.,Norway,"$92,795.21",53 Players
2007,17.,Singapore,"$36,095.55",15 Players
2007,18.,Mexico,"$35,100.00",16 Players
2007,19.,Japan,"$30,557.13",14 Players
2007,20.,Australia,"$23,783.82",22 Players
2007,21.,Italy,"$23,333.43",17 Players
2007,22.,Austria,"$21,779.83",15 Players
2007,23.,Spain,"$21,526.68",26 Players
2007,24.,Serbia,"$13,266.67",1 Player
2007,25.,Belgium,"$11,642.89",13 Players
2007,26.,Bulgaria,"$11,581.74",11 Players
2007,27.,Belarus,"$10,296.82",4 Players
2007,28.,Estonia,"$6,464.67",4 Players
2007,29.,Kazakhstan,"$5,471.00",8 Players
2007,30.,Slovenia,"$5,342.39",2 Players
2007,31.,Turkey,"$4,496.83",6 Players
2007,32.,Slovakia,"$4,350.29",13 Players
2007,33.,Hungary,"$4,246.01",23 Players
2007,34.,Switzerland,"$4,075.38",17 Players
2007,35.,Czech Republic,"$4,067.10",19 Players
2007,36.,Hong Kong,"$3,428.56",4 Players
2007,37.,"Taiwan, Republic of China","$3,406.97",2 Players
2007,38.,Ireland,"$3,363.23",3 Players
2007,39.,Peru,"$3,116.40",3 Players
2007,40.,Croatia,"$2,971.63",3 Players
2007,41.,Latvia,"$2,968.55",2 Players
2007,42.,Portugal,"$2,888.03",8 Players
2007,43.,Romania,"$2,700.00",15 Players
2007,44.,Viet Nam,$866.67,2 Players
2007,45.,Argentina,$800.00,2 Players
2007,46.,Iceland,$395.78,1 Player
2007,47.,Chile,$387.30,3 Players
2007,48.,Lithuania,$200.00,1 Player
2007,49.,"Moldova, Republic of",$98.00,5 Players
2008,1.,United States,"$1,569,014.56",503 Players
2008,2.,"Korea, Republic of","$1,542,607.08",212 Players
2008,3.,United Kingdom,"$832,180.83",205 Players
2008,4.,Sweden,"$521,539.40",141 Players
2008,5.,Germany,"$488,060.74",209 Players
2008,6.,China,"$319,273.84",103 Players
2008,7.,Denmark,"$263,385.12",114 Players
2008,8.,Russian Federation,"$217,696.40",206 Players
2008,9.,France,"$196,949.95",142 Players
2008,10.,Canada,"$170,359.94",63 Players
2008,11.,Netherlands,"$148,190.69",64 Players
2008,12.,Poland,"$125,957.15",27 Players
2008,13.,Spain,"$116,362.28",48 Players
2008,14.,Ukraine,"$106,744.51",60 Players
2008,15.,Finland,"$95,177.60",85 Players
2008,16.,Brazil,"$66,711.40",12 Players
2008,17.,Italy,"$60,765.25",23 Players
2008,18.,Portugal,"$56,184.38",22 Players
2008,19.,Singapore,"$55,469.50",20 Players
2008,20.,Australia,"$47,000.00",11 Players
2008,21.,Austria,"$43,786.37",12 Players
2008,22.,Mexico,"$30,035.95",11 Players
2008,23.,Japan,"$28,931.00",9 Players
2008,24.,Belgium,"$26,817.85",26 Players
2008,25.,Czech Republic,"$23,606.81",18 Players
2008,26.,Belarus,"$22,583.33",3 Players
2008,27.,"Taiwan, Republic of China","$22,000.00",7 Players
2008,28.,Romania,"$20,477.40",10 Players
2008,29.,Norway,"$15,603.56",33 Players
2008,30.,Slovakia,"$14,006.67",14 Players
2008,31.,Hungary,"$12,989.90",30 Players
2008,32.,Malaysia,"$8,000.00",5 Players
2008,33.,Bulgaria,"$7,352.44",16 Players
2008,34.,Croatia,"$7,258.34",2 Players
2008,35.,Malta,"$3,148.29",9 Players
2008,36.,Argentina,"$3,000.00",1 Player
2008,37.,Hong Kong,"$2,495.48",12 Players
2008,38.,Turkey,"$2,475.84",8 Players
2008,39.,Switzerland,"$2,012.79",4 Players
2008,40.,Iceland,"$1,407.62",1 Player
2008,41.,Estonia,"$1,332.96",2 Players
2008,42.,Serbia,"$1,080.00",1 Player
2008,43.,Lithuania,$816.50,6 Players
2008,44.,Slovenia,$666.48,1 Player
2008,45.,Ireland,$655.20,2 Players
2008,46.,Latvia,$648.90,1 Player
2008,47.,South Africa,$404.83,1 Player
2008,48.,Ecuador,$347.74,1 Player
2008,49.,Kazakhstan,$329.67,1 Player
2008,50.,Puerto Rico,$222.00,2 Players
2008,51.,Chile,$175.00,1 Player
2008,52.,Pakistan,$50.00,1 Player
2009,1.,"Korea, Republic of","$941,887.71",130 Players
2009,2.,United States,"$719,723.12",813 Players
2009,3.,Sweden,"$440,534.36",131 Players
2009,4.,China,"$347,546.19",106 Players
2009,5.,Germany,"$294,958.46",211 Players
2009,6.,Denmark,"$157,473.35",106 Players
2009,7.,France,"$150,426.21",178 Players
2009,8.,Russian Federation,"$129,295.55",127 Players
2009,9.,Poland,"$121,746.66",43 Players
2009,10.,United Kingdom,"$110,877.19",126 Players
2009,11.,Spain,"$76,170.46",33 Players
2009,12.,Netherlands,"$70,815.18",52 Players
2009,13.,Ukraine,"$64,924.79",74 Players
2009,14.,Finland,"$58,497.78",68 Players
2009,15.,Kazakhstan,"$48,993.10",53 Players
2009,16.,Canada,"$44,715.25",105 Players
2009,17.,Norway,"$28,500.55",42 Players
2009,18.,Japan,"$23,025.75",8 Players
2009,19.,Bulgaria,"$20,818.08",38 Players
2009,20.,Slovakia,"$19,790.28",5 Players
2009,21.,Belgium,"$14,330.88",24 Players
2009,22.,Czech Republic,"$12,927.80",15 Players
2009,23.,Singapore,"$12,124.30",15 Players
2009,24.,Italy,"$9,981.79",8 Players
2009,25.,Austria,"$8,999.88",15 Players
2009,26.,Belarus,"$8,658.88",12 Players
2009,27.,Brazil,"$7,800.00",11 Players
2009,28.,Turkey,"$7,640.91",7 Players
2009,29.,"Taiwan, Republic of China","$7,000.00",1 Player
2009,30.,Bosnia and Herzegovina,"$6,615.03",1 Player
2009,31.,Uruguay,"$6,000.00",1 Player
2009,32.,Mexico,"$5,050.00",2 Players
2009,33.,Malaysia,"$5,048.10",12 Players
2009,34.,Hungary,"$4,988.41",4 Players
2009,35.,Croatia,"$4,700.00",1 Player
2009,36.,Serbia,"$4,000.00",1 Player
2009,37.,Argentina,"$3,660.00",15 Players
2009,38.,Malta,"$3,396.00",14 Players
2009,39.,Australia,"$3,025.00",2 Players
2009,40.,Portugal,"$2,923.24",9 Players
2009,41.,Hong Kong,"$2,500.00",1 Player
2009,42.,Chile,"$2,248.35",5 Players
2009,43.,Estonia,"$2,017.87",9 Players
2009,44.,Switzerland,"$1,588.80",5 Players
2009,45.,Latvia,"$1,507.09",6 Players
2009,46.,Ireland,"$1,279.18",4 Players
2009,47.,Viet Nam,"$1,263.25",22 Players
2009,48.,Pakistan,"$1,100.00",6 Players
2009,49.,Uzbekistan,"$1,000.00",5 Players
2009,50.,Peru,$787.27,2 Players
2009,51.,United Arab Emirates,$600.00,6 Players
2009,52.,Indonesia,$600.00,2 Players
2009,53.,Slovenia,$553.12,1 Player
2009,54.,Iceland,$426.50,1 Player
2009,55.,"Iran, Islamic Republic of",$420.12,1 Player
2009,56.,Algeria,$222.27,1 Player
2009,57.,Ecuador,$182.62,1 Player
2009,58.,Lithuania,$180.53,2 Players
2009,59.,India,$100.00,1 Player
2009,60.,Philippines,$100.00,1 Player
2009,61.,Saudi Arabia,$0.00,1 Player
2010,1.,United States,"$1,593,769.33",635 Players
2010,2.,"Korea, Republic of","$1,455,668.07",253 Players
2010,3.,Sweden,"$397,846.89",171 Players
2010,4.,China,"$349,749.20",109 Players
2010,5.,Germany,"$342,844.14",476 Players
2010,6.,Ukraine,"$272,262.62",88 Players
2010,7.,France,"$227,409.96",207 Players
2010,8.,Russian Federation,"$173,172.72",153 Players
2010,9.,Denmark,"$157,860.82",118 Players
2010,10.,Canada,"$131,693.43",111 Players
2010,11.,United Kingdom,"$117,667.40",183 Players
2010,12.,Brazil,"$94,267.91",44 Players
2010,13.,Finland,"$90,040.65",105 Players
2010,14.,Poland,"$88,434.53",69 Players
2010,15.,Kazakhstan,"$52,204.30",73 Players
2010,16.,Netherlands,"$48,875.60",64 Players
2010,17.,Italy,"$42,598.94",15 Players
2010,18.,Japan,"$39,709.04",20 Players
2010,19.,Belarus,"$34,623.98",10 Players
2010,20.,Norway,"$30,380.33",48 Players
2010,21.,Peru,"$20,341.74",5 Players
2010,22.,Austria,"$20,018.77",33 Players
2010,23.,Australia,"$18,683.11",25 Players
2010,24.,Belgium,"$16,542.52",33 Players
2010,25.,Thailand,"$15,697.88",5 Players
2010,26.,Spain,"$15,258.98",37 Players
2010,27.,"Taiwan, Republic of China","$14,679.41",26 Players
2010,28.,Portugal,"$11,851.38",37 Players
2010,29.,Singapore,"$11,356.72",15 Players
2010,30.,Argentina,"$11,292.86",8 Players
2010,31.,Turkey,"$10,234.69",14 Players
2010,32.,Hungary,"$9,377.64",6 Players
2010,33.,Czech Republic,"$8,807.41",21 Players
2010,34.,Malaysia,"$8,593.47",21 Players
2010,35.,Viet Nam,"$7,667.60",33 Players
2010,36.,Mexico,"$7,000.00",6 Players
2010,37.,Bulgaria,"$6,334.64",18 Players
2010,38.,Slovakia,"$5,025.99",7 Players
2010,39.,Serbia,"$4,802.68",10 Players
2010,40.,Switzerland,"$4,362.14",10 Players
2010,41.,Romania,"$4,053.15",19 Players
2010,42.,Bosnia and Herzegovina,"$3,416.27",1 Player
2010,43.,Malta,"$2,508.10",12 Players
2010,44.,Estonia,"$2,357.36",6 Players
2010,45.,Hong Kong,"$2,280.45",11 Players
2010,46.,Israel,"$1,715.02",1 Player
2010,47.,Ireland,"$1,618.91",8 Players
2010,48.,Chile,"$1,090.00",2 Players
2010,49.,Indonesia,"$1,038.35",6 Players
2010,50.,Lithuania,"$1,031.62",4 Players
2010,51.,Croatia,$897.68,2 Players
2010,52.,Latvia,$408.71,1 Player
2010,53.,India,$354.15,1 Player
2010,54.,Philippines,$300.00,5 Players
2010,55.,New Zealand,$296.83,2 Players
2010,56.,South Africa,$179.29,2 Players
2010,57.,Pakistan,$140.00,1 Player
2010,58.,Egypt,$77.98,1 Player
2010,59.,Morocco,$13.93,1 Player
2011,1.,"Korea, Republic of","$2,739,584.06",303 Players
2011,2.,United States,"$2,085,080.37",781 Players
2011,3.,Ukraine,"$829,074.10",55 Players
2011,4.,China,"$748,198.44",196 Players
2011,5.,United Kingdom,"$480,306.74",200 Players
2011,6.,Sweden,"$475,467.60",146 Players
2011,7.,Russian Federation,"$400,454.50",129 Players
2011,8.,France,"$358,656.90",234 Players
2011,9.,Germany,"$336,565.09",209 Players
2011,10.,Poland,"$276,686.61",83 Players
2011,11.,Canada,"$227,021.73",131 Players
2011,12.,Estonia,"$204,897.31",19 Players
2011,13.,Denmark,"$194,704.61",116 Players
2011,14.,Singapore,"$154,154.25",22 Players
2011,15.,Finland,"$109,363.77",85 Players
2011,16.,"Taiwan, Republic of China","$72,139.74",19 Players
2011,17.,Japan,"$59,438.30",15 Players
2011,18.,Netherlands,"$54,215.54",57 Players
2011,19.,Spain,"$49,564.20",45 Players
2011,20.,Thailand,"$42,298.67",14 Players
2011,21.,Australia,"$32,330.20",30 Players
2011,22.,Portugal,"$32,290.21",36 Players
2011,23.,Kazakhstan,"$28,410.89",207 Players
2011,24.,Belgium,"$26,828.09",32 Players
2011,25.,Brazil,"$26,422.21",31 Players
2011,26.,Norway,"$25,278.70",29 Players
2011,27.,Malaysia,"$24,160.59",20 Players
2011,28.,Italy,"$23,294.41",18 Players
2011,29.,Romania,"$18,654.83",29 Players
2011,30.,Belarus,"$17,573.40",11 Players
2011,31.,Serbia,"$15,973.69",31 Players
2011,32.,Slovakia,"$14,308.75",8 Players
2011,33.,Bosnia and Herzegovina,"$13,994.39",2 Players
2011,34.,Austria,"$13,884.61",29 Players
2011,35.,Bulgaria,"$13,036.75",29 Players
2011,36.,Cuba,"$12,000.00",1 Player
2011,37.,Israel,"$11,675.48",9 Players
2011,38.,Mexico,"$11,283.00",4 Players
2011,39.,Kyrgyzstan,"$11,281.99",8 Players
2011,40.,Croatia,"$10,982.40",8 Players
2011,41.,Philippines,"$10,636.26",14 Players
2011,42.,Macao,"$10,327.42",1 Player
2011,43.,Peru,"$9,316.74",8 Players
2011,44.,Chile,"$8,009.04",2 Players
2011,45.,Turkey,"$7,182.92",10 Players
2011,46.,Hong Kong,"$6,815.84",15 Players
2011,47.,Czech Republic,"$6,276.94",23 Players
2011,48.,New Zealand,"$6,010.18",3 Players
2011,49.,Hungary,"$5,931.17",16 Players
2011,50.,Switzerland,"$5,489.45",6 Players
2011,51.,Colombia,"$5,000.00",1 Player
2011,52.,Iceland,"$5,000.00",1 Player
2011,53.,Saudi Arabia,"$3,972.00",1 Player
2011,54.,Viet Nam,"$3,524.40",34 Players
2011,55.,South Africa,"$3,209.35",11 Players
2011,56.,Lithuania,"$3,137.96",12 Players
2011,57.,United Arab Emirates,"$3,003.00",7 Players
2011,58.,North Macedonia,"$2,730.00",8 Players
2011,59.,Uzbekistan,"$2,649.59",8 Players
2011,60.,Puerto Rico,"$2,224.50",2 Players
2011,61.,Indonesia,"$2,000.00",5 Players
2011,62.,Ireland,"$1,362.61",6 Players
2011,63.,Venezuela,"$1,357.14",1 Player
2011,64.,Lebanon,$666.67,1 Player
2011,65.,Latvia,$482.49,13 Players
2011,66.,Greece,$427.85,10 Players
2011,67.,Panama,$400.00,1 Player
2011,68.,Armenia,$278.60,1 Player
2011,69.,India,$273.00,1 Player
2011,70.,Pakistan,$273.00,1 Player
2011,71.,"Iran, Islamic Republic of",$137.64,1 Player
2011,72.,Morocco,$83.25,1 Player
2012,1.,"Korea, Republic of","$3,780,873.03",395 Players
2012,2.,China,"$2,259,655.20",262 Players
2012,3.,United States,"$1,333,391.70",706 Players
2012,4.,"Taiwan, Republic of China","$883,755.48",31 Players
2012,5.,Russian Federation,"$667,701.08",307 Players
2012,6.,Sweden,"$510,596.80",248 Players
2012,7.,Germany,"$463,895.86",320 Players
2012,8.,Canada,"$459,671.74",174 Players
2012,9.,France,"$457,351.25",278 Players
2012,10.,Ukraine,"$333,466.51",96 Players
2012,11.,Poland,"$311,833.81",122 Players
2012,12.,Denmark,"$296,799.13",156 Players
2012,13.,Malaysia,"$284,709.40",30 Players
2012,14.,Hong Kong,"$213,427.99",14 Players
2012,15.,Spain,"$198,951.71",125 Players
2012,16.,United Kingdom,"$187,730.63",197 Players
2012,17.,Finland,"$111,664.15",155 Players
2012,18.,Netherlands,"$104,980.41",80 Players
2012,19.,Belgium,"$93,086.43",38 Players
2012,20.,Japan,"$92,747.62",31 Players
2012,21.,Brazil,"$84,710.36",47 Players
2012,22.,Singapore,"$79,249.31",58 Players
2012,23.,Viet Nam,"$75,186.01",43 Players
2012,24.,Philippines,"$71,425.50",50 Players
2012,25.,Estonia,"$66,213.25",9 Players
2012,26.,Norway,"$65,957.28",48 Players
2012,27.,Armenia,"$62,677.24",1 Player
2012,28.,Australia,"$59,346.14",66 Players
2012,29.,Macao,"$43,568.82",1 Player
2012,30.,Lithuania,"$37,862.67",12 Players
2012,31.,Belarus,"$36,536.89",20 Players
2012,32.,Mexico,"$32,401.50",16 Players
2012,33.,Chile,"$27,261.40",12 Players
2012,34.,Italy,"$24,912.09",14 Players
2012,35.,Kazakhstan,"$23,333.46",110 Players
2012,36.,Croatia,"$23,141.80",16 Players
2012,37.,Indonesia,"$23,000.00",17 Players
2012,38.,Romania,"$22,145.41",39 Players
2012,39.,Austria,"$21,356.71",8 Players
2012,40.,Switzerland,"$18,666.51",10 Players
2012,41.,Portugal,"$16,463.34",63 Players
2012,42.,Thailand,"$15,193.89",32 Players
2012,43.,Venezuela,"$15,046.47",2 Players
2012,44.,Peru,"$13,654.55",9 Players
2012,45.,New Zealand,"$13,310.85",20 Players
2012,46.,Israel,"$11,869.59",8 Players
2012,47.,Serbia,"$10,825.60",23 Players
2012,48.,Cuba,"$10,500.00",1 Player
2012,49.,Bulgaria,"$9,420.46",22 Players
2012,50.,Argentina,"$6,907.20",29 Players
2012,51.,Slovakia,"$6,499.48",15 Players
2012,52.,Czech Republic,"$6,068.26",32 Players
2012,53.,Ireland,"$4,494.68",8 Players
2012,54.,Turkey,"$3,074.43",24 Players
2012,55.,India,"$2,744.25",9 Players
2012,56.,Azerbaijan,"$2,500.00",5 Players
2012,57.,North Macedonia,"$2,134.78",6 Players
2012,58.,Mongolia,"$2,000.00",5 Players
2012,59.,Hungary,"$1,917.02",11 Players
2012,60.,Bosnia and Herzegovina,"$1,904.48",3 Players
2012,61.,Malta,"$1,803.78",8 Players
2012,62.,Greece,"$1,589.24",22 Players
2012,63.,Åland Islands,"$1,260.00",12 Players
2012,64.,Colombia,"$1,200.00",2 Players
2012,65.,Puerto Rico,$817.50,1 Player
2012,66.,Lebanon,$600.00,2 Players
2012,67.,Bahrain,$500.00,1 Player
2012,68.,Slovenia,$427.25,8 Players
2012,69.,South Africa,$307.47,1 Player
2012,70.,Iceland,$203.54,2 Players
2012,71.,Costa Rica,$150.00,1 Player
2012,72.,"Iran, Islamic Republic of",$128.69,1 Player
2012,73.,Kuwait,$105.32,1 Player
2012,74.,Latvia,$54.63,1 Player
2012,75.,Morocco,$32.60,1 Player
2012,76.,Saudi Arabia,$0.00,1 Player
2013,1.,"Korea, Republic of","$5,446,402.87",460 Players
2013,2.,United States,"$3,739,353.65",1155 Players
2013,3.,Sweden,"$2,732,028.77",274 Players
2013,4.,China,"$2,506,740.70",293 Players
2013,5.,Ukraine,"$719,535.90",98 Players
2013,6.,Russian Federation,"$641,616.82",327 Players
2013,7.,Germany,"$579,949.22",342 Players
2013,8.,Canada,"$517,725.98",188 Players
2013,9.,France,"$515,129.55",310 Players
2013,10.,Malaysia,"$416,078.12",64 Players
2013,11.,Denmark,"$256,048.44",151 Players
2013,12.,"Taiwan, Republic of China","$244,375.01",51 Players
2013,13.,Poland,"$230,900.25",149 Players
2013,14.,Spain,"$218,237.47",98 Players
2013,15.,Estonia,"$217,960.90",15 Players
2013,16.,Hong Kong,"$208,965.13",45 Players
2013,17.,United Kingdom,"$195,828.80",253 Players
2013,18.,Netherlands,"$185,058.59",93 Players
2013,19.,Finland,"$159,734.73",130 Players
2013,20.,Brazil,"$138,094.77",88 Players
2013,21.,Singapore,"$127,155.15",74 Players
2013,22.,Philippines,"$100,311.16",51 Players
2013,23.,Norway,"$96,767.62",60 Players
2013,24.,Japan,"$96,449.70",76 Players
2013,25.,Belgium,"$86,379.71",36 Players
2013,26.,Thailand,"$83,779.54",91 Players
2013,27.,Australia,"$80,916.21",39 Players
2013,28.,Lithuania,"$79,249.81",23 Players
2013,29.,Mexico,"$68,384.71",32 Players
2013,30.,Turkey,"$59,515.44",39 Players
2013,31.,Ireland,"$52,043.87",7 Players
2013,32.,Viet Nam,"$51,173.76",115 Players
2013,33.,Bulgaria,"$38,655.02",12 Players
2013,34.,Italy,"$37,858.80",50 Players
2013,35.,Belarus,"$34,410.13",20 Players
2013,36.,Czech Republic,"$30,432.56",54 Players
2013,37.,Kazakhstan,"$26,496.01",34 Players
2013,38.,Israel,"$26,195.66",4 Players
2013,39.,Indonesia,"$22,000.00",20 Players
2013,40.,Armenia,"$17,287.45",2 Players
2013,41.,Macao,"$16,213.62",1 Player
2013,42.,Romania,"$15,884.02",28 Players
2013,43.,Morocco,"$15,800.47",6 Players
2013,44.,Serbia,"$15,034.13",22 Players
2013,45.,Switzerland,"$13,925.27",14 Players
2013,46.,Argentina,"$13,522.94",14 Players
2013,47.,Greece,"$12,994.95",23 Players
2013,48.,Peru,"$12,179.66",18 Players
2013,49.,Venezuela,"$11,465.16",10 Players
2013,50.,"Iran, Islamic Republic of","$11,035.88",5 Players
2013,51.,Austria,"$10,173.00",16 Players
2013,52.,Slovakia,"$9,532.80",26 Players
2013,53.,Portugal,"$8,893.51",40 Players
2013,54.,Croatia,"$8,767.97",10 Players
2013,55.,Azerbaijan,"$7,900.00",11 Players
2013,56.,Hungary,"$6,812.06",29 Players
2013,57.,Uruguay,"$6,000.00",1 Player
2013,58.,Chile,"$5,948.79",12 Players
2013,59.,Bosnia and Herzegovina,"$5,061.94",5 Players
2013,60.,"Moldova, Republic of","$4,008.57",3 Players
2013,61.,Slovenia,"$3,807.28",9 Players
2013,62.,Puerto Rico,"$3,538.10",2 Players
2013,63.,New Zealand,"$3,527.05",4 Players
2013,64.,Cuba,"$3,000.00",1 Player
2013,65.,Malta,"$2,536.00",33 Players
2013,66.,Kuwait,"$2,000.00",5 Players
2013,67.,Åland Islands,"$1,477.38",13 Players
2013,68.,Latvia,"$1,283.83",3 Players
2013,69.,United Arab Emirates,"$1,200.00",2 Players
2013,70.,Iceland,$820.90,7 Players
2013,71.,Jordan,$800.00,4 Players
2013,72.,India,$775.00,1 Player
2013,73.,Paraguay,$600.00,1 Player
2013,74.,North Macedonia,$550.00,5 Players
2013,75.,Costa Rica,$400.00,1 Player
2013,76.,Saudi Arabia,$255.00,1 Player
2013,77.,Albania,$216.77,1 Player
2013,78.,Faroe Islands,$40.00,1 Player
2014,1.,China,"$12,359,890.83",446 Players
2014,2.,"Korea, Republic of","$5,708,449.54",510 Players
2014,3.,United States,"$4,029,712.91",1797 Players
2014,4.,Sweden,"$2,133,514.58",367 Players
2014,5.,Canada,"$1,427,151.96",255 Players
2014,6.,Russian Federation,"$1,203,386.91",330 Players
2014,7.,Ukraine,"$1,005,724.64",96 Players
2014,8.,Germany,"$896,766.04",389 Players
2014,9.,"Taiwan, Republic of China","$797,188.57",121 Players
2014,10.,France,"$673,145.55",363 Players
2014,11.,Denmark,"$669,605.85",190 Players
2014,12.,Malaysia,"$583,502.28",68 Players
2014,13.,Poland,"$463,108.47",195 Players
2014,14.,Singapore,"$437,998.88",64 Players
2014,15.,Netherlands,"$359,262.43",108 Players
2014,16.,United Kingdom,"$309,109.19",316 Players
2014,17.,Romania,"$308,106.44",56 Players
2014,18.,Australia,"$251,144.53",135 Players
2014,19.,Thailand,"$242,936.83",115 Players
2014,20.,Brazil,"$242,618.15",157 Players
2014,21.,Finland,"$237,887.80",202 Players
2014,22.,Estonia,"$229,422.58",18 Players
2014,23.,Norway,"$198,037.00",85 Players
2014,24.,Spain,"$193,625.17",163 Players
2014,25.,Japan,"$166,111.30",99 Players
2014,26.,Philippines,"$152,844.19",64 Players
2014,27.,Macao,"$149,017.41",2 Players
2014,28.,Turkey,"$143,983.93",64 Players
2014,29.,Viet Nam,"$134,689.85",101 Players
2014,30.,Hong Kong,"$125,949.44",53 Players
2014,31.,Mexico,"$97,489.81",27 Players
2014,32.,Belarus,"$95,633.61",31 Players
2014,33.,Israel,"$64,975.19",10 Players
2014,34.,Belgium,"$62,153.69",58 Players
2014,35.,Argentina,"$56,007.12",36 Players
2014,36.,Greece,"$52,555.15",69 Players
2014,37.,Peru,"$43,229.50",17 Players
2014,38.,Chile,"$39,469.83",34 Players
2014,39.,Hungary,"$35,584.65",33 Players
2014,40.,Slovakia,"$34,674.33",32 Players
2014,41.,Czech Republic,"$34,419.75",56 Players
2014,42.,Kazakhstan,"$30,581.57",35 Players
2014,43.,"Moldova, Republic of","$28,639.52",3 Players
2014,44.,Morocco,"$23,822.38",3 Players
2014,45.,Austria,"$23,074.72",26 Players
2014,46.,Italy,"$21,453.36",42 Players
2014,47.,Portugal,"$21,327.72",59 Players
2014,48.,Switzerland,"$18,331.49",17 Players
2014,49.,Uruguay,"$17,257.19",3 Players
2014,50.,Bulgaria,"$17,156.36",39 Players
2014,51.,Venezuela,"$16,935.35",13 Players
2014,52.,Indonesia,"$16,893.12",24 Players
2014,53.,Ireland,"$14,434.81",11 Players
2014,54.,Serbia,"$13,339.07",18 Players
2014,55.,New Zealand,"$11,895.00",15 Players
2014,56.,Colombia,"$9,800.00",11 Players
2014,57.,Lithuania,"$9,591.14",38 Players
2014,58.,Croatia,"$9,467.73",31 Players
2014,59.,Slovenia,"$7,466.79",13 Players
2014,60.,Armenia,"$5,300.00",1 Player
2014,61.,Tunisia,"$5,137.02",2 Players
2014,62.,Latvia,"$4,694.70",10 Players
2014,63.,Malta,"$4,612.88",48 Players
2014,64.,South Africa,"$4,270.20",30 Players
2014,65.,"Iran, Islamic Republic of","$4,128.87",2 Players
2014,66.,Bolivia,"$3,911.60",1 Player
2014,67.,Iceland,"$3,834.31",7 Players
2014,68.,Azerbaijan,"$3,700.00",7 Players
2014,69.,Bosnia and Herzegovina,"$3,501.46",7 Players
2014,70.,Costa Rica,"$3,500.00",1 Player
2014,71.,Panama,"$3,500.00",1 Player
2014,72.,Cuba,"$3,400.00",2 Players
2014,73.,Iraq,"$2,600.00",1 Player
2014,74.,India,"$2,152.27",9 Players
2014,75.,Puerto Rico,"$2,102.07",2 Players
2014,76.,Mongolia,"$1,274.00",2 Players
2014,77.,Ecuador,"$1,200.00",1 Player
2014,78.,Saudi Arabia,$981.33,2 Players
2014,79.,Lao People's Democratic Republic,$779.04,1 Player
2014,80.,Georgia,$750.00,2 Players
2014,81.,Afghanistan,$632.46,2 Players
2014,82.,Albania,$527.07,3 Players
2014,83.,Luxembourg,$411.45,3 Players
2014,84.,Bahrain,$373.34,1 Player
2014,85.,North Macedonia,$227.10,1 Player
2014,86.,Montenegro,$187.05,5 Players
2014,87.,Brunei Darussalam,$91.60,5 Players
2014,88.,Cyprus,$31.15,1 Player
2015,1.,China,"$14,654,719.30",755 Players
2015,2.,United States,"$13,198,385.88",2762 Players
2015,3.,"Korea, Republic of","$6,714,901.04",617 Players
2015,4.,Sweden,"$4,027,252.62",522 Players
2015,5.,Canada,"$3,726,131.35",457 Players
2015,6.,Denmark,"$2,266,478.69",287 Players
2015,7.,Russian Federation,"$2,109,925.75",676 Players
2015,8.,Ukraine,"$2,025,927.41",169 Players
2015,9.,Pakistan,"$1,731,607.74",2 Players
2015,10.,Germany,"$1,728,661.73",740 Players
2015,11.,France,"$1,452,827.12",574 Players
2015,12.,United Kingdom,"$1,005,525.63",576 Players
2015,13.,Poland,"$954,426.67",361 Players
2015,14.,Singapore,"$861,627.31",121 Players
2015,15.,"Taiwan, Republic of China","$680,553.66",105 Players
2015,16.,Japan,"$617,881.36",179 Players
2015,17.,Brazil,"$559,948.84",504 Players
2015,18.,Malaysia,"$514,344.84",128 Players
2015,19.,Australia,"$507,672.81",326 Players
2015,20.,Estonia,"$479,092.36",46 Players
2015,21.,Belarus,"$468,623.04",39 Players
2015,22.,Thailand,"$467,952.88",194 Players
2015,23.,Netherlands,"$457,800.03",207 Players
2015,24.,Romania,"$374,350.91",75 Players
2015,25.,Finland,"$359,220.14",236 Players
2015,26.,Spain,"$356,988.54",308 Players
2015,27.,Philippines,"$336,329.36",113 Players
2015,28.,Macao,"$319,566.58",1 Player
2015,29.,Israel,"$306,483.00",25 Players
2015,30.,Norway,"$270,008.73",130 Players
2015,31.,Jordan,"$254,906.87",16 Players
2015,32.,Viet Nam,"$254,476.45",141 Players
2015,33.,Bulgaria,"$169,266.53",98 Players
2015,34.,Portugal,"$152,484.84",132 Players
2015,35.,Slovakia,"$132,579.52",48 Players
2015,36.,Mexico,"$114,904.25",49 Players
2015,37.,Belgium,"$113,820.40",81 Players
2015,38.,Greece,"$112,868.33",96 Players
2015,39.,Chile,"$109,471.73",52 Players
2015,40.,Hong Kong,"$103,969.03",49 Players
2015,41.,Peru,"$93,616.69",36 Players
2015,42.,Czech Republic,"$88,737.31",112 Players
2015,43.,Argentina,"$88,454.82",98 Players
2015,44.,Italy,"$76,764.58",79 Players
2015,45.,Kazakhstan,"$65,086.28",49 Players
2015,46.,Serbia,"$64,830.58",81 Players
2015,47.,Indonesia,"$63,772.29",55 Players
2015,48.,Saudi Arabia,"$60,388.07",7 Players
2015,49.,Turkey,"$58,036.61",78 Players
2015,50.,Hungary,"$49,990.43",103 Players
2015,51.,Slovenia,"$45,793.67",22 Players
2015,52.,Croatia,"$38,246.98",31 Players
2015,53.,New Zealand,"$38,203.26",27 Players
2015,54.,South Africa,"$36,129.83",170 Players
2015,55.,Switzerland,"$30,116.40",38 Players
2015,56.,Venezuela,"$29,258.45",13 Players
2015,57.,Bosnia and Herzegovina,"$27,183.45",16 Players
2015,58.,Austria,"$24,828.04",46 Players
2015,59.,Ireland,"$22,929.71",27 Players
2015,60.,"Moldova, Republic of","$21,612.81",5 Players
2015,61.,North Macedonia,"$19,974.49",4 Players
2015,62.,Kuwait,"$18,134.14",11 Players
2015,63.,Iraq,"$15,031.98",5 Players
2015,64.,Puerto Rico,"$11,369.50",6 Players
2015,65.,Sri Lanka,"$10,572.47",1 Player
2015,66.,India,"$10,370.52",75 Players
2015,67.,Lithuania,"$9,569.88",49 Players
2015,68.,Latvia,"$8,092.48",37 Players
2015,69.,Lebanon,"$7,858.45",7 Players
2015,70.,Colombia,"$7,309.38",6 Players
2015,71.,Bolivia,"$6,529.60",2 Players
2015,72.,Afghanistan,"$6,126.51",1 Player
2015,73.,United Arab Emirates,"$5,935.74",15 Players
2015,74.,Algeria,"$5,915.70",6 Players
2015,75.,Malta,"$5,370.28",50 Players
2015,76.,Iceland,"$4,992.93",25 Players
2015,77.,Kyrgyzstan,"$4,522.39",10 Players
2015,78.,Cuba,"$3,194.90",3 Players
2015,79.,Uruguay,"$3,012.01",2 Players
2015,80.,Azerbaijan,"$2,985.35",8 Players
2015,81.,Mongolia,"$2,852.56",8 Players
2015,82.,Nicaragua,"$2,584.55",1 Player
2015,83.,Georgia,"$1,613.61",2 Players
2015,84.,"Iran, Islamic Republic of","$1,394.00",6 Players
2015,85.,Morocco,"$1,309.41",6 Players
2015,86.,Bahrain,"$1,289.10",1 Player
2015,87.,Tunisia,$785.94,7 Players
2015,88.,Armenia,$596.44,3 Players
2015,89.,Brunei Darussalam,$495.90,5 Players
2015,90.,Egypt,$444.53,6 Players
2015,91.,Dominican Republic,$275.60,1 Player
2015,92.,Lao People's Democratic Republic,$140.55,1 Player
2015,93.,Albania,$137.56,1 Player
2015,94.,Luxembourg,$108.17,2 Players
2015,95.,Cyprus,$107.21,1 Player
2015,96.,Montenegro,$100.01,1 Player
2015,97.,Uzbekistan,$59.17,2 Players
2015,98.,Faroe Islands,$54.01,1 Player
2015,99.,Panama,$47.50,1 Player
2015,100.,Ecuador,$37.50,1 Player
2015,101.,Jamaica,$30.00,1 Player
2015,102.,Liechtenstein,$28.47,1 Player
2015,103.,Maldives,$0.00,1 Player
2016,1.,China,"$20,879,447.39",1282 Players
2016,2.,United States,"$15,561,880.28",3353 Players
2016,3.,"Korea, Republic of","$12,857,622.58",919 Players
2016,4.,Sweden,"$5,372,357.10",598 Players
2016,5.,Denmark,"$4,571,803.24",329 Players
2016,6.,Canada,"$3,238,655.42",519 Players
2016,7.,Brazil,"$2,854,296.68",502 Players
2016,8.,Ukraine,"$2,485,614.47",121 Players
2016,9.,Germany,"$2,465,238.60",667 Players
2016,10.,Russian Federation,"$2,350,194.86",539 Players
2016,11.,France,"$2,150,302.34",648 Players
2016,12.,Malaysia,"$2,147,110.88",119 Players
2016,13.,United Kingdom,"$2,082,001.36",652 Players
2016,14.,Poland,"$1,762,279.26",371 Players
2016,15.,Australia,"$1,506,041.13",517 Players
2016,16.,Finland,"$1,472,955.34",309 Players
2016,17.,Philippines,"$1,229,602.86",149 Players
2016,18.,Romania,"$1,169,965.93",78 Players
2016,19.,"Taiwan, Republic of China","$928,843.75",215 Players
2016,20.,North Macedonia,"$758,973.40",1 Player
2016,21.,Pakistan,"$659,729.80",2 Players
2016,22.,Greece,"$650,883.91",45 Players
2016,23.,Israel,"$602,480.37",27 Players
2016,24.,Norway,"$601,677.62",203 Players
2016,25.,Spain,"$600,928.76",332 Players
2016,26.,Bulgaria,"$556,079.62",70 Players
2016,27.,Netherlands,"$542,057.44",206 Players
2016,28.,Thailand,"$540,305.61",203 Players
2016,29.,Singapore,"$477,434.68",94 Players
2016,30.,Japan,"$471,678.23",211 Players
2016,31.,Jordan,"$461,023.45",17 Players
2016,32.,Estonia,"$332,541.03",42 Players
2016,33.,Turkey,"$278,569.58",131 Players
2016,34.,Slovakia,"$258,527.22",60 Players
2016,35.,Kazakhstan,"$240,024.16",25 Players
2016,36.,Belgium,"$235,382.40",92 Players
2016,37.,Viet Nam,"$227,674.74",149 Players
2016,38.,Hong Kong,"$196,306.49",60 Players
2016,39.,New Zealand,"$169,383.43",52 Players
2016,40.,Mexico,"$157,603.82",73 Players
2016,41.,Czech Republic,"$153,321.26",136 Players
2016,42.,South Africa,"$150,501.19",122 Players
2016,43.,Italy,"$143,543.43",106 Players
2016,44.,Macao,"$141,875.60",2 Players
2016,45.,Portugal,"$137,183.85",168 Players
2016,46.,Saudi Arabia,"$112,904.65",11 Players
2016,47.,Peru,"$111,582.37",50 Players
2016,48.,Belarus,"$108,323.03",36 Players
2016,49.,Mongolia,"$95,390.38",16 Players
2016,50.,Chile,"$94,889.50",85 Players
2016,51.,Colombia,"$88,053.77",30 Players
2016,52.,Indonesia,"$84,851.65",67 Players
2016,53.,Argentina,"$84,577.02",101 Players
2016,54.,Bosnia and Herzegovina,"$83,513.39",9 Players
2016,55.,Hungary,"$62,595.11",72 Players
2016,56.,Lithuania,"$57,864.03",46 Players
2016,57.,Croatia,"$57,704.87",32 Players
2016,58.,Ireland,"$55,174.83",25 Players
2016,59.,India,"$53,759.16",143 Players
2016,60.,Slovenia,"$53,070.17",23 Players
2016,61.,Serbia,"$50,912.21",49 Players
2016,62.,Austria,"$32,791.93",62 Players
2016,63.,Latvia,"$31,641.63",44 Players
2016,64.,Lebanon,"$29,383.32",14 Players
2016,65.,United Arab Emirates,"$28,525.73",26 Players
2016,66.,Puerto Rico,"$28,093.20",6 Players
2016,67.,Switzerland,"$26,618.28",49 Players
2016,68.,Kyrgyzstan,"$23,139.68",9 Players
2016,69.,Iceland,"$16,984.89",41 Players
2016,70.,Venezuela,"$15,312.23",23 Players
2016,71.,Bahrain,"$14,827.85",1 Player
2016,72.,Malta,"$12,648.30",81 Players
2016,73.,Egypt,"$12,098.50",12 Players
2016,74.,Montenegro,"$11,900.00",1 Player
2016,75.,"Moldova, Republic of","$11,831.56",5 Players
2016,76.,Cuba,"$10,103.57",3 Players
2016,77.,Algeria,"$9,413.65",16 Players
2016,78.,Armenia,"$8,356.08",6 Players
2016,79.,Bolivia,"$7,838.32",3 Players
2016,80.,Dominican Republic,"$7,764.00",3 Players
2016,81.,Iraq,"$6,461.66",2 Players
2016,82.,Morocco,"$6,060.16",4 Players
2016,83.,Azerbaijan,"$5,858.27",8 Players
2016,84.,Nicaragua,"$5,778.79",1 Player
2016,85.,Georgia,"$5,383.31",8 Players
2016,86.,Uruguay,"$4,869.00",16 Players
2016,87.,Kuwait,"$4,735.75",4 Players
2016,88.,Albania,"$4,450.00",1 Player
2016,89.,Cambodia,"$3,507.25",5 Players
2016,90.,Panama,"$3,390.73",1 Player
2016,91.,Ecuador,"$3,182.55",6 Players
2016,92.,Syrian Arab Republic,"$2,696.85",2 Players
2016,93.,Tunisia,"$2,334.94",6 Players
2016,94.,Bangladesh,"$1,481.31",12 Players
2016,95.,Nepal,"$1,111.40",10 Players
2016,96.,Kenya,$907.56,1 Player
2016,97.,"Kosovo, Republic of",$795.29,1 Player
2016,98.,Sri Lanka,$438.50,1 Player
2016,99.,Costa Rica,$417.26,3 Players
2016,100.,Lao People's Democratic Republic,$305.98,1 Player
2016,101.,Guatemala,$224.00,1 Player
2016,102.,French Polynesia,$200.63,1 Player
2016,103.,Uzbekistan,$167.00,1 Player
2016,104.,Luxembourg,$154.87,1 Player
2016,105.,Andorra,$151.93,2 Players
2016,106.,Cyprus,$90.00,1 Player
2016,107.,Faroe Islands,$85.00,2 Players
2016,108.,Saint Martin,$50.00,1 Player
2016,109.,Paraguay,$20.65,1 Player
2016,110.,"Palestine, State of",$20.00,1 Player
2016,111.,Mauritius,$10.71,1 Player
2017,1.,China,"$18,689,416.67",1434 Players
2017,2.,United States,"$15,556,209.19",3454 Players
2017,3.,"Korea, Republic of","$12,241,944.38",978 Players
2017,4.,Denmark,"$5,039,320.10",386 Players
2017,5.,Germany,"$4,904,550.58",794 Players
2017,6.,Sweden,"$4,821,342.97",633 Players
2017,7.,Finland,"$4,011,913.40",371 Players
2017,8.,France,"$3,878,051.38",827 Players
2017,9.,Russian Federation,"$3,708,151.04",663 Players
2017,10.,Brazil,"$3,389,356.90",758 Players
2017,11.,Canada,"$2,956,873.70",581 Players
2017,12.,United Kingdom,"$2,947,116.94",680 Players
2017,13.,Ukraine,"$2,816,367.67",170 Players
2017,14.,Jordan,"$2,735,011.78",20 Players
2017,15.,Bulgaria,"$2,638,139.17",96 Players
2017,16.,Australia,"$2,583,868.04",602 Players
2017,17.,Lebanon,"$2,450,968.76",23 Players
2017,18.,Poland,"$2,397,861.80",609 Players
2017,19.,Philippines,"$2,270,139.79",169 Players
2017,20.,"Taiwan, Republic of China","$1,703,168.29",237 Players
2017,21.,Malaysia,"$1,125,729.13",173 Players
2017,22.,Netherlands,"$1,038,316.81",263 Players
2017,23.,Japan,"$908,844.45",245 Players
2017,24.,Viet Nam,"$883,883.63",342 Players
2017,25.,Thailand,"$839,933.53",321 Players
2017,26.,Norway,"$746,609.75",170 Players
2017,27.,Spain,"$655,530.53",337 Players
2017,28.,Kazakhstan,"$628,416.48",55 Players
2017,29.,Mexico,"$564,772.05",91 Players
2017,30.,Macao,"$560,661.66",3 Players
2017,31.,Turkey,"$498,586.08",155 Players
2017,32.,Italy,"$473,800.93",227 Players
2017,33.,Israel,"$472,916.17",50 Players
2017,34.,Estonia,"$461,646.45",71 Players
2017,35.,Slovakia,"$453,238.04",71 Players
2017,36.,Belarus,"$417,228.03",65 Players
2017,37.,Singapore,"$411,011.72",167 Players
2017,38.,Peru,"$402,148.78",103 Players
2017,39.,Bosnia and Herzegovina,"$335,652.36",11 Players
2017,40.,Czech Republic,"$295,633.46",138 Players
2017,41.,Belgium,"$282,227.20",117 Players
2017,42.,Pakistan,"$278,361.70",16 Players
2017,43.,Dominican Republic,"$270,184.87",5 Players
2017,44.,Hong Kong,"$249,062.25",90 Players
2017,45.,South Africa,"$246,525.58",182 Players
2017,46.,Croatia,"$235,237.93",56 Players
2017,47.,Chile,"$216,088.06",97 Players
2017,48.,Romania,"$215,696.97",73 Players
2017,49.,Indonesia,"$209,109.10",159 Players
2017,50.,Portugal,"$206,608.22",204 Players
2017,51.,Argentina,"$203,828.08",138 Players
2017,52.,Saudi Arabia,"$180,086.05",14 Players
2017,53.,New Zealand,"$177,418.30",75 Players
2017,54.,Austria,"$169,879.43",78 Players
2017,55.,Greece,"$166,332.70",98 Players
2017,56.,Serbia,"$165,224.49",78 Players
2017,57.,Ireland,"$127,507.22",30 Players
2017,58.,Hungary,"$121,661.50",93 Players
2017,59.,Switzerland,"$106,571.96",79 Players
2017,60.,Lithuania,"$91,130.25",74 Players
2017,61.,India,"$86,484.89",169 Players
2017,62.,North Macedonia,"$78,116.51",5 Players
2017,63.,Puerto Rico,"$77,141.17",17 Players
2017,64.,Slovenia,"$62,699.43",26 Players
2017,65.,Latvia,"$60,927.95",72 Players
2017,66.,Colombia,"$54,176.56",30 Players
2017,67.,United Arab Emirates,"$50,351.63",24 Players
2017,68.,Algeria,"$35,959.68",17 Players
2017,69.,Bahrain,"$33,195.00",2 Players
2017,70.,Mongolia,"$32,116.97",29 Players
2017,71.,Iraq,"$31,920.60",10 Players
2017,72.,Montenegro,"$27,550.00",2 Players
2017,73.,Uruguay,"$22,952.49",14 Players
2017,74.,Kuwait,"$19,250.07",24 Players
2017,75.,Kyrgyzstan,"$15,648.53",14 Players
2017,76.,"Moldova, Republic of","$14,823.32",7 Players
2017,77.,Iceland,"$14,681.24",27 Players
2017,78.,Armenia,"$13,960.05",4 Players
2017,79.,Morocco,"$13,488.70",13 Players
2017,80.,Venezuela,"$11,541.34",37 Players
2017,81.,Ecuador,"$10,263.49",5 Players
2017,82.,Malta,"$9,250.25",50 Players
2017,83.,Nicaragua,"$9,091.07",1 Player
2017,84.,Tunisia,"$7,215.41",12 Players
2017,85.,Egypt,"$6,748.68",12 Players
2017,86.,El Salvador,"$6,300.00",6 Players
2017,87.,Cambodia,"$5,468.82",6 Players
2017,88.,Panama,"$5,457.14",4 Players
2017,89.,Gibraltar,"$4,500.00",1 Player
2017,90.,Georgia,"$4,256.13",28 Players
2017,91.,Sri Lanka,"$3,663.40",16 Players
2017,92.,Uzbekistan,"$3,512.18",3 Players
2017,93.,Azerbaijan,"$3,136.66",7 Players
2017,94.,Guatemala,"$2,884.54",9 Players
2017,95.,Albania,"$2,868.16",2 Players
2017,96.,Bolivia,"$2,108.25",2 Players
2017,97.,Syrian Arab Republic,"$1,606.37",3 Players
2017,98.,Lao People's Democratic Republic,"$1,344.55",5 Players
2017,99.,Cuba,"$1,155.00",2 Players
2017,100.,Bangladesh,$935.65,10 Players
2017,101.,"Kosovo, Republic of",$834.33,1 Player
2017,102.,"Palestine, State of",$659.32,3 Players
2017,103.,Trinidad and Tobago,$594.75,1 Player
2017,104.,Kenya,$575.06,1 Player
2017,105.,Madagascar,$458.00,1 Player
2017,106.,"Iran, Islamic Republic of",$381.60,9 Players
2017,107.,Costa Rica,$309.65,2 Players
2017,108.,Åland Islands,$250.00,1 Player
2017,109.,Ethiopia,$139.99,1 Player
2017,110.,Andorra,$139.71,1 Player
2017,111.,Luxembourg,$130.65,3 Players
2017,112.,New Caledonia,$112.97,1 Player
2017,113.,Monaco,$112.50,1 Player
2017,114.,Paraguay,$112.50,1 Player
2017,115.,Bahamas,$66.00,1 Player
2017,116.,French Polynesia,$45.00,1 Player
2017,117.,Cyprus,$33.33,1 Player
2017,118.,Saint Kitts and Nevis,$20.00,1 Player
2017,119.,Faroe Islands,$11.55,1 Player
2018,1.,United States,"$30,161,872.39",4354 Players
2018,2.,China,"$22,013,250.96",1456 Players
2018,3.,"Korea, Republic of","$14,472,061.29",1273 Players
2018,4.,Denmark,"$10,607,480.33",432 Players
2018,5.,Finland,"$7,582,061.76",363 Players
2018,6.,Russian Federation,"$7,178,246.17",888 Players
2018,7.,France,"$6,504,608.16",1075 Players
2018,8.,Sweden,"$6,494,233.14",555 Players
2018,9.,Canada,"$5,193,837.56",774 Players
2018,10.,Germany,"$4,538,897.43",900 Players
2018,11.,Australia,"$4,257,200.79",781 Players
2018,12.,Brazil,"$3,702,642.77",813 Players
2018,13.,United Kingdom,"$3,284,611.26",867 Players
2018,14.,Poland,"$3,085,865.29",548 Players
2018,15.,Japan,"$2,835,890.33",360 Players
2018,16.,Ukraine,"$2,635,324.72",202 Players
2018,17.,Malaysia,"$2,482,681.23",284 Players
2018,18.,"Taiwan, Republic of China","$2,145,982.35",337 Players
2018,19.,Thailand,"$1,998,360.24",460 Players
2018,20.,Netherlands,"$1,971,249.26",341 Players
2018,21.,Philippines,"$1,655,767.28",256 Players
2018,22.,Bulgaria,"$1,368,281.44",99 Players
2018,23.,Turkey,"$1,264,935.22",207 Players
2018,24.,Jordan,"$1,142,317.52",12 Players
2018,25.,Norway,"$1,119,105.26",229 Players
2018,26.,Spain,"$1,085,795.24",429 Players
2018,27.,Israel,"$1,018,120.90",58 Players
2018,28.,Viet Nam,"$947,984.15",359 Players
2018,29.,Pakistan,"$896,217.07",66 Players
2018,30.,Indonesia,"$880,815.93",361 Players
2018,31.,Belgium,"$879,464.73",140 Players
2018,32.,Saudi Arabia,"$790,281.26",36 Players
2018,33.,Czech Republic,"$757,173.45",182 Players
2018,34.,Singapore,"$706,083.88",212 Players
2018,35.,Estonia,"$687,358.24",51 Players
2018,36.,Lebanon,"$683,522.30",25 Players
2018,37.,Italy,"$555,190.40",221 Players
2018,38.,Switzerland,"$506,368.06",122 Players
2018,39.,Mexico,"$496,262.78",131 Players
2018,40.,Slovakia,"$492,321.82",80 Players
2018,41.,Argentina,"$412,931.42",184 Players
2018,42.,Kazakhstan,"$381,054.49",68 Players
2018,43.,Greece,"$345,945.04",128 Players
2018,44.,Hungary,"$341,868.52",118 Players
2018,45.,Belarus,"$301,038.50",84 Players
2018,46.,Hong Kong,"$287,005.92",102 Players
2018,47.,Lithuania,"$271,395.49",80 Players
2018,48.,New Zealand,"$268,252.43",79 Players
2018,49.,Portugal,"$262,951.26",194 Players
2018,50.,South Africa,"$261,704.34",142 Players
2018,51.,Croatia,"$254,448.57",45 Players
2018,52.,Austria,"$251,573.81",182 Players
2018,53.,Bosnia and Herzegovina,"$232,758.45",12 Players
2018,54.,Latvia,"$225,604.77",94 Players
2018,55.,Romania,"$222,885.09",102 Players
2018,56.,Serbia,"$213,011.15",70 Players
2018,57.,Peru,"$202,527.19",108 Players
2018,58.,Ireland,"$187,334.96",60 Players
2018,59.,Macao,"$172,167.35",15 Players
2018,60.,Slovenia,"$156,428.49",31 Players
2018,61.,Chile,"$151,101.80",117 Players
2018,62.,India,"$144,575.13",124 Players
2018,63.,Gibraltar,"$119,304.51",1 Player
2018,64.,Colombia,"$99,811.06",41 Players
2018,65.,Dominican Republic,"$84,988.56",12 Players
2018,66.,United Arab Emirates,"$69,672.84",28 Players
2018,67.,"Moldova, Republic of","$64,777.79",7 Players
2018,68.,Armenia,"$64,710.02",17 Players
2018,69.,Puerto Rico,"$61,381.79",9 Players
2018,70.,Kyrgyzstan,"$54,299.99",26 Players
2018,71.,Malta,"$53,229.74",41 Players
2018,72.,Tunisia,"$49,346.16",19 Players
2018,73.,Mongolia,"$47,936.18",21 Players
2018,74.,Iceland,"$47,050.97",16 Players
2018,75.,"Palestine, State of","$38,889.50",4 Players
2018,76.,Kuwait,"$38,702.09",26 Players
2018,77.,Myanmar,"$36,767.84",73 Players
2018,78.,Uruguay,"$36,766.96",20 Players
2018,79.,North Macedonia,"$35,762.50",10 Players
2018,80.,Cuba,"$30,498.35",4 Players
2018,81.,Morocco,"$28,649.29",13 Players
2018,82.,Panama,"$27,085.00",7 Players
2018,83.,Venezuela,"$26,318.50",17 Players
2018,84.,Montenegro,"$23,742.98",3 Players
2018,85.,Ethiopia,"$22,796.63",1 Player
2018,86.,Algeria,"$19,249.31",14 Players
2018,87.,Egypt,"$15,794.49",16 Players
2018,88.,Ecuador,"$11,593.33",3 Players
2018,89.,Faroe Islands,"$9,070.05",20 Players
2018,90.,Bolivia,"$7,460.44",4 Players
2018,91.,Uzbekistan,"$7,430.59",5 Players
2018,92.,Lao People's Democratic Republic,"$7,305.66",28 Players
2018,93.,Azerbaijan,"$7,035.21",12 Players
2018,94.,Bahrain,"$5,867.82",3 Players
2018,95.,Syrian Arab Republic,"$5,810.26",5 Players
2018,96.,"Iran, Islamic Republic of","$5,596.50",23 Players
2018,97.,Iraq,"$5,358.82",9 Players
2018,98.,Mauritius,"$5,344.33",2 Players
2018,99.,Luxembourg,"$4,542.53",6 Players
2018,100.,Brunei Darussalam,"$4,217.33",25 Players
2018,101.,Nicaragua,"$3,802.88",1 Player
2018,102.,Georgia,"$3,799.88",13 Players
2018,103.,Guatemala,"$3,753.33",7 Players
2018,104.,Jersey,"$3,333.33",1 Player
2018,105.,Afghanistan,"$3,000.00",1 Player
2018,106.,Cambodia,"$2,250.00",26 Players
2018,107.,Costa Rica,"$2,091.56",6 Players
2018,108.,"Kosovo, Republic of","$1,841.83",5 Players
2018,109.,Greenland,"$1,500.00",1 Player
2018,110.,Albania,"$1,346.55",3 Players
2018,111.,New Caledonia,"$1,000.00",1 Player
2018,112.,Bangladesh,$600.00,6 Players
2018,113.,Qatar,$570.28,1 Player
2018,114.,Trinidad and Tobago,$543.38,1 Player
2018,115.,Zambia,$411.24,2 Players
2018,116.,El Salvador,$409.72,1 Player
2018,117.,Sri Lanka,$285.14,1 Player
2018,118.,Bermuda,$200.00,1 Player
2018,119.,Bahamas,$197.00,1 Player
2018,120.,Maldives,$121.54,2 Players
2018,121.,Yemen,$120.00,1 Player
2018,122.,Monaco,$113.00,1 Player
2018,123.,Paraguay,$54.94,1 Player
2018,124.,United States Minor Outlying Islands,$30.00,1 Player
2018,125.,Isle of Man,$15.00,1 Player
2019,1.,United States,"$45,564,444.97",6096 Players
2019,2.,China,"$24,285,522.96",1407 Players
2019,3.,"Korea, Republic of","$17,338,277.47",1223 Players
2019,4.,France,"$10,728,420.62",1331 Players
2019,5.,Finland,"$9,974,272.07",388 Players
2019,6.,Denmark,"$9,865,572.45",525 Players
2019,7.,Canada,"$7,956,930.72",969 Players
2019,8.,United Kingdom,"$7,165,849.74",1003 Players
2019,9.,Sweden,"$7,067,288.24",592 Players
2019,10.,Australia,"$6,852,380.41",906 Players
2019,11.,Brazil,"$6,394,129.77",1209 Players
2019,12.,Germany,"$6,262,141.13",1194 Players
2019,13.,Russian Federation,"$6,002,573.03",887 Players
2019,14.,Norway,"$3,599,803.79",245 Players
2019,15.,Japan,"$3,588,948.08",676 Players
2019,16.,Philippines,"$3,454,042.11",318 Players
2019,17.,Netherlands,"$3,260,217.36",494 Players
2019,18.,Poland,"$3,061,255.54",534 Players
2019,19.,"Taiwan, Republic of China","$3,006,507.06",326 Players
2019,20.,Austria,"$2,830,656.46",207 Players
2019,21.,Thailand,"$2,556,184.41",626 Players
2019,22.,Malaysia,"$2,486,376.74",296 Players
2019,23.,Bulgaria,"$2,298,667.58",85 Players
2019,24.,Argentina,"$2,243,229.79",242 Players
2019,25.,Indonesia,"$2,152,312.17",677 Players
2019,26.,Spain,"$1,987,723.18",547 Players
2019,27.,Jordan,"$1,755,236.25",26 Players
2019,28.,Viet Nam,"$1,469,553.60",554 Players
2019,29.,Ukraine,"$1,368,467.15",299 Players
2019,30.,Italy,"$1,223,117.96",253 Players
2019,31.,Lebanon,"$1,181,618.58",30 Players
2019,32.,Romania,"$1,063,526.31",104 Players
2019,33.,Belgium,"$1,058,505.34",199 Players
2019,34.,Estonia,"$1,008,902.87",46 Players
2019,35.,Peru,"$982,961.74",124 Players
2019,36.,Switzerland,"$923,840.58",183 Players
2019,37.,Mexico,"$855,542.12",184 Players
2019,38.,India,"$811,459.19",251 Players
2019,39.,Saudi Arabia,"$788,266.06",125 Players
2019,40.,Turkey,"$783,886.20",202 Players
2019,41.,New Zealand,"$770,361.75",101 Players
2019,42.,Israel,"$727,147.80",77 Players
2019,43.,Pakistan,"$638,113.55",105 Players
2019,44.,Czech Republic,"$631,216.02",229 Players
2019,45.,Kazakhstan,"$526,841.80",105 Players
2019,46.,Hong Kong,"$516,198.21",98 Players
2019,47.,Singapore,"$512,883.22",220 Players
2019,48.,Belarus,"$496,895.48",114 Players
2019,49.,Portugal,"$494,687.54",242 Players
2019,50.,Slovenia,"$474,904.51",51 Players
2019,51.,Slovakia,"$410,407.72",64 Players
2019,52.,Lithuania,"$363,173.02",88 Players
2019,53.,Croatia,"$278,584.65",54 Players
2019,54.,Kyrgyzstan,"$274,785.80",15 Players
2019,55.,Latvia,"$260,362.38",83 Players
2019,56.,Serbia,"$254,584.38",86 Players
2019,57.,Bosnia and Herzegovina,"$248,754.99",19 Players
2019,58.,Hungary,"$231,844.10",127 Players
2019,59.,Ireland,"$230,257.37",65 Players
2019,60.,Greece,"$217,996.22",95 Players
2019,61.,Bolivia,"$207,351.83",11 Players
2019,62.,Chile,"$195,101.49",122 Players
2019,63.,Macao,"$180,197.86",17 Players
2019,64.,Tunisia,"$150,616.17",18 Players
2019,65.,United Arab Emirates,"$131,597.67",50 Players
2019,66.,South Africa,"$119,448.11",94 Players
2019,67.,North Macedonia,"$115,936.88",22 Players
2019,68.,Myanmar,"$115,608.87",112 Players
2019,69.,Uzbekistan,"$103,733.93",21 Players
2019,70.,Egypt,"$88,899.20",27 Players
2019,71.,Puerto Rico,"$79,126.74",14 Players
2019,72.,Uruguay,"$77,249.08",24 Players
2019,73.,Afghanistan,"$74,245.60",1 Player
2019,74.,Iceland,"$74,029.46",46 Players
2019,75.,Iraq,"$69,429.70",38 Players
2019,76.,Mongolia,"$65,371.08",28 Players
2019,77.,Dominican Republic,"$60,124.87",39 Players
2019,78.,Colombia,"$60,087.93",55 Players
2019,79.,Algeria,"$50,973.35",12 Players
2019,80.,Cuba,"$45,402.33",16 Players
2019,81.,"Kosovo, Republic of","$41,016.85",12 Players
2019,82.,Montenegro,"$39,016.88",4 Players
2019,83.,Morocco,"$38,572.69",27 Players
2019,84.,Malta,"$38,526.34",39 Players
2019,85.,Albania,"$37,459.64",14 Players
2019,86.,Syrian Arab Republic,"$37,225.00",7 Players
2019,87.,Cambodia,"$37,136.78",56 Players
2019,88.,Luxembourg,"$36,867.34",16 Players
2019,89.,Azerbaijan,"$32,767.62",48 Players
2019,90.,"Iran, Islamic Republic of","$32,656.74",53 Players
2019,91.,Costa Rica,"$28,138.87",29 Players
2019,92.,Armenia,"$26,845.97",10 Players
2019,93.,Kuwait,"$24,611.09",19 Players
2019,94.,Georgia,"$17,885.10",21 Players
2019,95.,Oman,"$17,725.00",4 Players
2019,96.,Nepal,"$15,316.64",7 Players
2019,97.,Bahrain,"$14,879.49",5 Players
2019,98.,Greenland,"$13,825.00",2 Players
2019,99.,"Moldova, Republic of","$13,143.10",10 Players
2019,100.,Venezuela,"$12,193.37",31 Players
2019,101.,Qatar,"$11,897.26",9 Players
2019,102.,Paraguay,"$11,720.03",17 Players
2019,103.,Lao People's Democratic Republic,"$11,299.61",38 Players
2019,104.,Guatemala,"$11,219.92",6 Players
2019,105.,Ecuador,"$10,249.84",18 Players
2019,106.,Nicaragua,"$7,563.83",5 Players
2019,107.,"Palestine, State of","$4,517.63",4 Players
2019,108.,Honduras,"$3,911.87",8 Players
2019,109.,Senegal,"$3,450.00",6 Players
2019,110.,Ghana,"$2,808.76",5 Players
2019,111.,Brunei Darussalam,"$2,742.36",26 Players
2019,112.,Gibraltar,"$2,400.00",1 Player
2019,113.,New Caledonia,"$2,000.00",1 Player
2019,114.,Panama,"$1,338.51",9 Players
2019,115.,Zambia,"$1,224.20",2 Players
2019,116.,Jamaica,$838.63,2 Players
2019,117.,Ethiopia,$733.33,1 Player
2019,118.,Andorra,$648.62,2 Players
2019,119.,Monaco,$450.00,1 Player
2019,120.,American Samoa,$350.00,1 Player
2019,121.,Belize,$250.00,1 Player
2019,122.,Turkmenistan,$220.40,1 Player
2019,123.,Sri Lanka,$210.00,1 Player
2019,124.,Bangladesh,$200.00,1 Player
2019,125.,Kenya,$150.00,1 Player
2019,126.,Faroe Islands,$100.00,5 Players
2019,127.,Trinidad and Tobago,$72.00,1 Player
2019,128.,Côte D'Ivoire,$71.90,1 Player
2019,129.,Jersey,$60.00,1 Player
2019,130.,Liechtenstein,$28.00,1 Player
2019,131.,Aruba,$14.17,1 Player
2019,132.,El Salvador,$11.00,1 Player
2020,1.,United States,"$25,372,471.30",5506 Players
2020,2.,China,"$23,420,027.48",1455 Players
2020,3.,"Korea, Republic of","$10,614,696.40",1088 Players
2020,4.,Brazil,"$6,003,598.88",1143 Players
2020,5.,France,"$5,572,634.22",1142 Players
2020,6.,United Kingdom,"$4,991,616.32",923 Players
2020,7.,Russian Federation,"$4,864,088.61",906 Players
2020,8.,Germany,"$4,453,881.40",1200 Players
2020,9.,Denmark,"$4,380,728.74",465 Players
2020,10.,Canada,"$4,004,835.15",827 Players
2020,11.,Thailand,"$3,242,081.52",741 Players
2020,12.,Japan,"$3,054,981.25",697 Players
2020,13.,Sweden,"$2,868,755.70",547 Players
2020,14.,Indonesia,"$2,787,570.33",712 Players
2020,15.,Australia,"$2,547,033.48",788 Players
2020,16.,Poland,"$1,955,900.69",574 Players
2020,17.,"Taiwan, Republic of China","$1,906,947.96",299 Players
2020,18.,Finland,"$1,863,801.96",428 Players
2020,19.,Viet Nam,"$1,595,440.85",670 Players
2020,20.,Spain,"$1,569,020.17",598 Players
2020,21.,Netherlands,"$1,424,628.68",439 Players
2020,22.,Norway,"$1,403,648.90",250 Players
2020,23.,Ukraine,"$1,304,672.54",240 Players
2020,24.,Malaysia,"$1,038,424.21",293 Players
2020,25.,Philippines,"$962,606.89",305 Players
2020,26.,Mexico,"$953,335.56",288 Players
2020,27.,Saudi Arabia,"$916,141.22",196 Players
2020,28.,Turkey,"$889,782.76",261 Players
2020,29.,Argentina,"$860,932.14",274 Players
2020,30.,Italy,"$832,699.38",284 Players
2020,31.,Singapore,"$685,789.55",204 Players
2020,32.,Czech Republic,"$640,157.75",322 Players
2020,33.,Bulgaria,"$632,668.56",80 Players
2020,34.,India,"$585,250.08",302 Players
2020,35.,Kazakhstan,"$528,804.86",69 Players
2020,36.,Portugal,"$523,771.03",222 Players
2020,37.,Belgium,"$487,272.80",198 Players
2020,38.,Slovenia,"$473,415.74",29 Players
2020,39.,Estonia,"$460,821.33",78 Players
2020,40.,Austria,"$447,180.31",149 Players
2020,41.,Jordan,"$438,504.50",31 Players
2020,42.,Peru,"$332,961.76",127 Players
2020,43.,Puerto Rico,"$325,895.07",34 Players
2020,44.,Hong Kong,"$323,489.47",88 Players
2020,45.,Israel,"$317,654.35",58 Players
2020,46.,Serbia,"$305,877.13",111 Players
2020,47.,Belarus,"$302,823.20",102 Players
2020,48.,Switzerland,"$289,653.34",167 Players
2020,49.,Chile,"$286,466.43",150 Players
2020,50.,New Zealand,"$273,741.14",73 Players
2020,51.,Romania,"$266,725.51",110 Players
2020,52.,Latvia,"$261,578.28",73 Players
2020,53.,Hungary,"$228,908.64",153 Players
2020,54.,Slovakia,"$227,374.02",94 Players
2020,55.,Croatia,"$197,103.42",63 Players
2020,56.,Greece,"$182,975.71",97 Players
2020,57.,Nepal,"$173,927.38",59 Players
2020,58.,Bosnia and Herzegovina,"$168,561.48",24 Players
2020,59.,Mongolia,"$165,456.49",72 Players
2020,60.,Ireland,"$157,475.41",66 Players
2020,61.,Pakistan,"$149,710.72",135 Players
2020,62.,Lithuania,"$146,979.18",120 Players
2020,63.,Lebanon,"$146,516.18",25 Players
2020,64.,Uzbekistan,"$144,081.66",19 Players
2020,65.,"Iran, Islamic Republic of","$134,234.27",14 Players
2020,66.,South Africa,"$126,482.49",83 Players
2020,67.,North Macedonia,"$115,932.21",24 Players
2020,68.,Cuba,"$115,494.32",15 Players
2020,69.,Armenia,"$112,713.43",20 Players
2020,70.,Morocco,"$110,019.56",44 Players
2020,71.,Colombia,"$98,224.62",65 Players
2020,72.,"Moldova, Republic of","$97,627.98",11 Players
2020,73.,Kyrgyzstan,"$94,000.68",8 Players
2020,74.,Myanmar,"$88,494.92",73 Players
2020,75.,Bangladesh,"$73,719.16",29 Players
2020,76.,Macao,"$71,674.42",9 Players
2020,77.,Bahrain,"$66,196.00",10 Players
2020,78.,Egypt,"$52,502.26",36 Players
2020,79.,Georgia,"$48,550.27",22 Players
2020,80.,Azerbaijan,"$45,031.05",34 Players
2020,81.,Algeria,"$44,809.21",26 Players
2020,82.,"Kosovo, Republic of","$40,947.52",15 Players
2020,83.,Montenegro,"$40,333.23",4 Players
2020,84.,Syrian Arab Republic,"$40,313.10",24 Players
2020,85.,Brunei Darussalam,"$38,399.99",10 Players
2020,86.,Honduras,"$38,307.00",2 Players
2020,87.,Iraq,"$36,629.24",22 Players
2020,88.,United Arab Emirates,"$36,326.55",34 Players
2020,89.,Tunisia,"$36,100.60",29 Players
2020,90.,Afghanistan,"$36,000.00",1 Player
2020,91.,Dominican Republic,"$34,240.68",29 Players
2020,92.,Bolivia,"$31,853.07",7 Players
2020,93.,Albania,"$31,750.02",18 Players
2020,94.,Uruguay,"$30,679.84",17 Players
2020,95.,Venezuela,"$30,283.39",12 Players
2020,96.,Costa Rica,"$28,066.57",7 Players
2020,97.,Iceland,"$27,260.00",29 Players
2020,98.,Kuwait,"$25,379.77",14 Players
2020,99.,Oman,"$23,130.00",3 Players
2020,100.,Lao People's Democratic Republic,"$21,935.28",8 Players
2020,101.,Guatemala,"$19,692.50",9 Players
2020,102.,Ecuador,"$17,473.71",11 Players
2020,103.,Luxembourg,"$12,552.42",8 Players
2020,104.,Qatar,"$8,608.33",8 Players
2020,105.,Nicaragua,"$8,394.80",4 Players
2020,106.,Malta,"$7,898.62",21 Players
2020,107.,Cambodia,"$4,500.00",10 Players
2020,108.,Paraguay,"$3,971.15",4 Players
2020,109.,Yemen,"$3,720.00",2 Players
2020,110.,Panama,"$3,528.00",5 Players
2020,111.,Sri Lanka,"$3,500.00",4 Players
2020,112.,"Palestine, State of","$1,760.00",3 Players
2020,113.,Trinidad and Tobago,"$1,698.26",1 Player
2020,114.,American Samoa,"$1,400.00",1 Player
2020,115.,Cyprus,"$1,315.84",5 Players
2020,116.,Senegal,"$1,248.00",1 Player
2020,117.,Gibraltar,$900.00,1 Player
2020,118.,New Caledonia,$300.00,1 Player
2020,119.,Faroe Islands,$200.00,1 Player
2020,120.,Jersey,$120.00,1 Player
2020,121.,Guernsey,$100.00,1 Player
2020,122.,Jamaica,$75.75,1 Player
2020,123.,Isle of Man,$60.00,1 Player
2020,124.,Saint Barthélemy,$7.63,1 Player
2020,125.,Monaco,$1.17,1 Player
2021,1.,China,"$49,550,806.03",1815 Players
2021,2.,United States,"$31,875,649.54",4994 Players
2021,3.,Russian Federation,"$22,983,527.62",1095 Players
2021,4.,"Korea, Republic of","$13,409,899.53",1125 Players
2021,5.,Brazil,"$10,512,401.41",1435 Players
2021,6.,Ukraine,"$10,431,796.66",343 Players
2021,7.,Japan,"$9,760,435.41",923 Players
2021,8.,United Kingdom,"$6,760,182.04",1016 Players
2021,9.,France,"$6,043,726.41",1170 Players
2021,10.,Denmark,"$5,632,311.68",376 Players
2021,11.,Canada,"$5,314,268.02",755 Players
2021,12.,Thailand,"$5,153,099.67",847 Players
2021,13.,Germany,"$4,955,224.05",1131 Players
2021,14.,Indonesia,"$4,004,270.67",761 Players
2021,15.,Malaysia,"$3,726,935.85",482 Players
2021,16.,Sweden,"$3,662,766.37",455 Players
2021,17.,Poland,"$3,561,868.77",589 Players
2021,18.,Philippines,"$3,434,909.30",548 Players
2021,19.,Australia,"$3,140,641.09",675 Players
2021,20.,Saudi Arabia,"$2,976,824.13",326 Players
2021,21.,Viet Nam,"$2,858,519.87",770 Players
2021,22.,Finland,"$2,761,412.83",363 Players
2021,23.,"Taiwan, Republic of China","$2,497,676.40",414 Players
2021,24.,Turkey,"$2,365,978.04",492 Players
2021,25.,Spain,"$2,052,251.66",461 Players
2021,26.,Argentina,"$1,688,325.04",377 Players
2021,27.,Mexico,"$1,550,109.87",334 Players
2021,28.,Netherlands,"$1,436,984.34",448 Players
2021,29.,Peru,"$1,405,234.02",176 Players
2021,30.,Norway,"$1,286,098.69",247 Players
2021,31.,Singapore,"$1,177,817.08",273 Players
2021,32.,Italy,"$1,095,579.05",319 Players
2021,33.,Czech Republic,"$1,014,987.72",322 Players
2021,34.,Kazakhstan,"$990,055.18",80 Players
2021,35.,Jordan,"$969,050.99",29 Players
2021,36.,Estonia,"$876,235.59",97 Players
2021,37.,India,"$848,767.29",394 Players
2021,38.,Bulgaria,"$778,904.83",91 Players
2021,39.,Serbia,"$685,325.46",83 Players
2021,40.,Slovenia,"$678,366.31",26 Players
2021,41.,Pakistan,"$635,260.25",96 Players
2021,42.,Mongolia,"$632,556.92",98 Players
2021,43.,Chile,"$602,024.70",200 Players
2021,44.,Portugal,"$562,285.49",205 Players
2021,45.,Belarus,"$537,382.64",76 Players
2021,46.,Israel,"$508,014.99",47 Players
2021,47.,Belgium,"$503,055.09",180 Players
2021,48.,Switzerland,"$481,067.95",156 Players
2021,49.,Austria,"$430,353.29",106 Players
2021,50.,"Moldova, Republic of","$426,824.54",15 Players
2021,51.,Croatia,"$401,778.01",58 Players
2021,52.,Egypt,"$363,977.71",56 Players
2021,53.,North Macedonia,"$355,762.59",29 Players
2021,54.,Hong Kong,"$355,408.24",190 Players
2021,55.,Romania,"$329,261.18",137 Players
2021,56.,Bosnia and Herzegovina,"$322,900.92",21 Players
2021,57.,Nepal,"$312,491.74",58 Players
2021,58.,Iraq,"$291,951.84",37 Players
2021,59.,Slovakia,"$288,949.36",102 Players
2021,60.,Latvia,"$269,735.10",95 Players
2021,61.,Colombia,"$266,594.27",81 Players
2021,62.,South Africa,"$255,655.07",193 Players
2021,63.,Hungary,"$250,155.80",161 Players
2021,64.,Uruguay,"$248,098.52",44 Players
2021,65.,Lebanon,"$228,737.48",36 Players
2021,66.,Azerbaijan,"$227,770.32",16 Players
2021,67.,New Zealand,"$221,161.84",78 Players
2021,68.,Morocco,"$212,513.51",51 Players
2021,69.,Bolivia,"$208,571.00",20 Players
2021,70.,Kuwait,"$193,478.98",25 Players
2021,71.,Lithuania,"$183,974.14",87 Players
2021,72.,Ireland,"$170,103.61",54 Players
2021,73.,Greece,"$166,273.28",96 Players
2021,74.,Armenia,"$164,782.23",10 Players
2021,75.,Myanmar,"$159,191.63",33 Players
2021,76.,Syrian Arab Republic,"$132,389.04",20 Players
2021,77.,Puerto Rico,"$129,814.85",30 Players
2021,78.,Cambodia,"$108,008.04",83 Players
2021,79.,Bangladesh,"$106,636.47",46 Players
2021,80.,Uzbekistan,"$104,300.00",7 Players
2021,81.,"Kosovo, Republic of","$100,674.03",22 Players
2021,82.,Algeria,"$99,320.94",30 Players
2021,83.,"Iran, Islamic Republic of","$97,312.64",40 Players
2021,84.,Afghanistan,"$93,745.83",5 Players
2021,85.,Ecuador,"$84,283.55",24 Players
2021,86.,Georgia,"$78,585.90",26 Players
2021,87.,Cuba,"$77,631.58",10 Players
2021,88.,Dominican Republic,"$75,590.41",23 Players
2021,89.,Venezuela,"$70,108.78",30 Players
2021,90.,Bahrain,"$67,831.46",12 Players
2021,91.,United Arab Emirates,"$58,954.47",34 Players
2021,92.,Kyrgyzstan,"$58,225.77",10 Players
2021,93.,Senegal,"$47,552.50",3 Players
2021,94.,Albania,"$39,342.42",32 Players
2021,95.,Tunisia,"$38,940.43",17 Players
2021,96.,Honduras,"$32,628.87",8 Players
2021,97.,Nicaragua,"$31,743.74",5 Players
2021,98.,Lao People's Democratic Republic,"$30,683.20",15 Players
2021,99.,Guatemala,"$28,912.05",10 Players
2021,100.,Macao,"$26,576.44",7 Players
2021,101.,Montenegro,"$25,077.16",5 Players
2021,102.,Brunei Darussalam,"$24,758.86",93 Players
2021,103.,Costa Rica,"$21,750.31",15 Players
2021,104.,Luxembourg,"$18,462.07",11 Players
2021,105.,Iceland,"$17,429.26",19 Players
2021,106.,Qatar,"$14,636.36",5 Players
2021,107.,Paraguay,"$12,918.67",11 Players
2021,108.,"Palestine, State of","$12,426.20",4 Players
2021,109.,Oman,"$11,100.00",2 Players
2021,110.,Malta,"$10,813.91",47 Players
2021,111.,Sri Lanka,"$10,059.07",9 Players
2021,112.,Yemen,"$5,170.00",1 Player
2021,113.,Monaco,"$4,750.00",1 Player
2021,114.,"Tanzania, United Republic of","$4,500.00",1 Player
2021,115.,Tajikistan,"$3,475.00",1 Player
2021,116.,Panama,"$2,860.00",4 Players
2021,117.,Trinidad and Tobago,"$1,712.05",3 Players
2021,118.,French Polynesia,"$1,500.00",1 Player
2021,119.,Angola,"$1,200.00",3 Players
2021,120.,Libyan Arab Jamahiriya,"$1,000.00",1 Player
2021,121.,Guyana,$700.00,1 Player
2021,122.,Jamaica,$426.00,3 Players
2021,123.,Isle of Man,$410.00,1 Player
2021,124.,Côte D'Ivoire,$250.00,1 Player
2021,125.,Gibraltar,$225.00,1 Player
2021,126.,Mauritius,$175.00,5 Players
2021,127.,Guernsey,$159.90,1 Player
2021,128.,Jersey,$138.76,1 Player
2021,129.,Wallis And Futuna,$100.00,1 Player
2021,130.,Zimbabwe,$100.00,1 Player
2022,1.,China,"$46,252,653.58",2040 Players
2022,2.,United States,"$32,941,537.33",4434 Players
2022,3.,"Korea, Republic of","$12,320,827.37",1185 Players
2022,4.,Brazil,"$11,173,174.58",1511 Players
2022,5.,Russian Federation,"$9,732,211.75",850 Players
2022,6.,Germany,"$7,109,380.57",1170 Players
2022,7.,Japan,"$6,712,721.43",899 Players
2022,8.,Thailand,"$6,218,013.15",687 Players
2022,9.,Denmark,"$6,195,001.59",341 Players
2022,10.,United Kingdom,"$5,759,243.92",975 Players
2022,11.,France,"$5,345,772.23",1150 Players
2022,12.,Canada,"$4,960,821.58",689 Players
2022,13.,Viet Nam,"$4,460,067.45",739 Players
2022,14.,Sweden,"$3,838,697.37",407 Players
2022,15.,Indonesia,"$3,436,630.06",737 Players
2022,16.,Poland,"$3,285,893.93",554 Players
2022,17.,"Taiwan, Republic of China","$3,268,042.51",382 Players
2022,18.,Australia,"$3,205,046.70",773 Players
2022,19.,Philippines,"$2,971,076.20",537 Players
2022,20.,Ukraine,"$2,928,171.82",254 Players
2022,21.,Saudi Arabia,"$2,875,550.25",249 Players
2022,22.,Malaysia,"$2,353,781.90",554 Players
2022,23.,Peru,"$2,352,725.47",210 Players
2022,24.,Israel,"$2,166,220.49",43 Players
2022,25.,Slovakia,"$2,030,482.68",104 Players
2022,26.,Netherlands,"$1,989,301.16",369 Players
2022,27.,Turkey,"$1,962,518.71",462 Players
2022,28.,North Macedonia,"$1,918,738.58",39 Players
2022,29.,Spain,"$1,861,416.57",433 Players
2022,30.,India,"$1,814,025.21",466 Players
2022,31.,Argentina,"$1,777,667.58",380 Players
2022,32.,Mexico,"$1,672,876.68",404 Players
2022,33.,Finland,"$1,561,328.95",294 Players
2022,34.,Norway,"$1,442,157.49",224 Players
2022,35.,Estonia,"$1,109,599.71",60 Players
2022,36.,Italy,"$1,045,658.64",281 Players
2022,37.,Czech Republic,"$987,601.02",314 Players
2022,38.,Portugal,"$883,977.55",234 Players
2022,39.,Serbia,"$842,014.81",98 Players
2022,40.,Mongolia,"$809,413.84",137 Players
2022,41.,Bulgaria,"$794,108.59",81 Players
2022,42.,Latvia,"$791,686.86",80 Players
2022,43.,Egypt,"$780,200.85",129 Players
2022,44.,Iraq,"$745,630.42",57 Players
2022,45.,Singapore,"$694,124.84",275 Players
2022,46.,Chile,"$691,003.15",178 Players
2022,47.,Kyrgyzstan,"$672,234.05",24 Players
2022,48.,Kazakhstan,"$630,850.26",73 Players
2022,49.,Romania,"$595,561.61",163 Players
2022,50.,Jordan,"$586,466.79",47 Players
2022,51.,Belgium,"$513,367.09",149 Players
2022,52.,Austria,"$499,531.07",86 Players
2022,53.,Bosnia and Herzegovina,"$463,886.07",24 Players
2022,54.,Belarus,"$377,691.14",74 Players
2022,55.,Pakistan,"$377,433.42",99 Players
2022,56.,Greece,"$375,435.89",109 Players
2022,57.,Nepal,"$338,405.37",74 Players
2022,58.,Switzerland,"$329,265.24",159 Players
2022,59.,Slovenia,"$319,477.10",31 Players
2022,60.,Morocco,"$315,485.19",71 Players
2022,61.,Georgia,"$313,983.39",22 Players
2022,62.,South Africa,"$287,543.97",195 Players
2022,63.,Lebanon,"$276,936.90",38 Players
2022,64.,Hungary,"$267,745.75",164 Players
2022,65.,New Zealand,"$249,299.01",86 Players
2022,66.,Myanmar,"$245,743.80",76 Players
2022,67.,Algeria,"$239,462.55",35 Players
2022,68.,Hong Kong,"$236,646.46",128 Players
2022,69.,Syrian Arab Republic,"$227,406.22",32 Players
2022,70.,Bolivia,"$223,929.65",28 Players
2022,71.,Colombia,"$204,838.16",99 Players
2022,72.,"Iran, Islamic Republic of","$203,189.24",41 Players
2022,73.,Croatia,"$194,321.93",74 Players
2022,74.,Lao People's Democratic Republic,"$188,503.53",37 Players
2022,75.,Lithuania,"$184,734.54",77 Players
2022,76.,Azerbaijan,"$177,249.81",17 Players
2022,77.,Uruguay,"$176,717.48",38 Players
2022,78.,Kuwait,"$163,054.66",42 Players
2022,79.,Cambodia,"$150,531.53",86 Players
2022,80.,Puerto Rico,"$141,534.26",52 Players
2022,81.,Ecuador,"$139,256.11",23 Players
2022,82.,Armenia,"$131,610.40",16 Players
2022,83.,United Arab Emirates,"$129,342.05",53 Players
2022,84.,Dominican Republic,"$107,197.06",44 Players
2022,85.,"Kosovo, Republic of","$104,691.04",36 Players
2022,86.,Venezuela,"$100,152.92",33 Players
2022,87.,Ireland,"$90,085.87",68 Players
2022,88.,Cuba,"$81,447.99",9 Players
2022,89.,Bahrain,"$75,944.29",13 Players
2022,90.,Montenegro,"$75,365.02",3 Players
2022,91.,Afghanistan,"$61,987.50",3 Players
2022,92.,Uzbekistan,"$56,214.41",18 Players
2022,93.,Tunisia,"$55,843.93",29 Players
2022,94.,Brunei Darussalam,"$50,646.73",110 Players
2022,95.,Libyan Arab Jamahiriya,"$48,916.71",6 Players
2022,96.,Costa Rica,"$40,254.63",26 Players
2022,97.,"Moldova, Republic of","$29,620.41",17 Players
2022,98.,Guatemala,"$28,453.87",14 Players
2022,99.,Albania,"$27,052.90",25 Players
2022,100.,Paraguay,"$25,775.97",13 Players
2022,101.,Nicaragua,"$24,725.22",7 Players
2022,102.,"Palestine, State of","$23,206.20",9 Players
2022,103.,Bangladesh,"$22,899.08",25 Players
2022,104.,Panama,"$22,809.33",17 Players
2022,105.,Luxembourg,"$19,738.16",12 Players
2022,106.,Qatar,"$19,419.38",23 Players
2022,107.,Iceland,"$18,412.93",54 Players
2022,108.,Yemen,"$17,061.12",5 Players
2022,109.,Nigeria,"$15,666.71",6 Players
2022,110.,Oman,"$14,854.65",8 Players
2022,111.,Macao,"$14,797.38",2 Players
2022,112.,Malta,"$14,603.62",12 Players
2022,113.,Senegal,"$13,748.41",2 Players
2022,114.,Trinidad and Tobago,"$6,583.69",7 Players
2022,115.,Honduras,"$5,333.33",4 Players
2022,116.,Namibia,"$5,000.00",5 Players
2022,117.,Zimbabwe,"$4,260.00",1 Player
2022,118.,Côte D'Ivoire,"$4,215.00",4 Players
2022,119.,Jamaica,"$3,145.84",3 Players
2022,120.,Madagascar,"$2,400.00",3 Players
2022,121.,Mozambique,"$2,245.69",5 Players
2022,122.,Sudan,"$1,960.00",2 Players
2022,123.,El Salvador,"$1,786.46",4 Players
2022,124.,Sri Lanka,"$1,312.05",2 Players
2022,125.,Togo,"$1,200.00",1 Player
2022,126.,Mauritius,"$1,000.00",1 Player
2022,127.,Mauritania,$759.00,1 Player
2022,128.,Åland Islands,$560.00,2 Players
2022,129.,Guernsey,$513.33,1 Player
2022,130.,Wallis And Futuna,$500.00,1 Player
2022,131.,Aruba,$499.17,3 Players
2022,132.,Botswana,$233.33,1 Player
2022,133.,Uganda,$149.66,2 Players
2022,134.,Isle of Man,$51.00,1 Player
2022,135.,New Caledonia,$25.00,1 Player
2022,136.,Papua New Guinea,$25.00,1 Player
2022,137.,Andorra,$12.00,1 Player
2022,138.,"Virgin Islands, U.S.",$12.00,1 Player
2023,1.,United States,"$21,806,044.96",2297 Players
2023,2.,China,"$20,523,104.79",1499 Players
2023,3.,Russian Federation,"$10,448,922.14",643 Players
2023,4.,Brazil,"$6,823,645.53",986 Players
2023,5.,"Korea, Republic of","$6,608,901.40",894 Players
2023,6.,France,"$5,440,205.25",691 Players
2023,7.,Denmark,"$4,638,654.37",267 Players
2023,8.,United Kingdom,"$4,171,456.21",595 Players
2023,9.,Thailand,"$3,939,295.41",384 Players
2023,10.,Sweden,"$3,882,662.80",267 Players
2023,11.,Ukraine,"$3,367,227.27",196 Players
2023,12.,Japan,"$3,070,851.85",569 Players
2023,13.,Australia,"$3,007,746.59",606 Players
2023,14.,Germany,"$2,996,291.12",653 Players
2023,15.,Poland,"$2,942,416.50",397 Players
2023,16.,Saudi Arabia,"$2,637,947.53",308 Players
2023,17.,Indonesia,"$2,439,174.65",412 Players
2023,18.,Canada,"$2,426,105.81",362 Players
2023,19.,Philippines,"$2,203,124.09",343 Players
2023,20.,Netherlands,"$2,039,520.86",233 Players
2023,21.,Turkey,"$1,901,681.03",351 Players
2023,22.,Viet Nam,"$1,610,797.51",588 Players
2023,23.,Peru,"$1,560,653.45",170 Players
2023,24.,Malaysia,"$1,506,357.80",293 Players
2023,25.,India,"$1,075,822.36",360 Players
2023,26.,Italy,"$1,068,691.16",216 Players
2023,27.,Mexico,"$1,011,963.99",287 Players
2023,28.,Spain,"$980,855.08",246 Players
2023,29.,Argentina,"$972,417.42",241 Players
2023,30.,Kazakhstan,"$924,614.89",75 Players
2023,31.,Pakistan,"$881,724.63",42 Players
2023,32.,Israel,"$877,639.52",41 Players
2023,33.,Mongolia,"$788,741.55",108 Players
2023,34.,Portugal,"$774,212.52",167 Players
2023,35.,Norway,"$765,598.40",126 Players
2023,36.,Nepal,"$714,650.00",55 Players
2023,37.,"Taiwan, Republic of China","$671,575.93",263 Players
2023,38.,Finland,"$665,094.83",175 Players
2023,39.,Latvia,"$553,733.07",22 Players
2023,40.,Bosnia and Herzegovina,"$503,824.32",13 Players
2023,41.,Czech Republic,"$476,411.71",157 Players
2023,42.,Estonia,"$468,014.79",36 Players
2023,43.,Singapore,"$465,892.49",139 Players
2023,44.,Serbia,"$465,863.04",68 Players
2023,45.,Slovenia,"$426,473.29",48 Players
2023,46.,Romania,"$398,397.28",79 Players
2023,47.,Belarus,"$348,899.62",61 Players
2023,48.,Belgium,"$336,511.11",81 Players
2023,49.,Cambodia,"$328,911.45",64 Players
2023,50.,Egypt,"$328,788.06",128 Players
2023,51.,Chile,"$325,409.29",168 Players
2023,52.,United Arab Emirates,"$325,154.23",47 Players
2023,53.,Lebanon,"$309,635.14",19 Players
2023,54.,Morocco,"$291,407.05",44 Players
2023,55.,South Africa,"$285,169.86",110 Players
2023,56.,Dominican Republic,"$281,487.23",26 Players
2023,57.,Bulgaria,"$274,609.85",58 Players
2023,58.,Slovakia,"$262,388.86",43 Players
2023,59.,"Moldova, Republic of","$233,216.15",14 Players
2023,60.,Hungary,"$224,191.27",118 Players
2023,61.,North Macedonia,"$204,372.24",22 Players
2023,62.,Jordan,"$187,023.51",37 Players
2023,63.,Austria,"$182,176.07",60 Players
2023,64.,Iraq,"$181,570.02",36 Players
2023,65.,Myanmar,"$170,388.78",44 Players
2023,66.,Bolivia,"$163,327.39",18 Players
2023,67.,Bahrain,"$158,868.99",22 Players
2023,68.,Croatia,"$140,116.35",48 Players
2023,69.,Cuba,"$133,018.60",6 Players
2023,70.,Uzbekistan,"$131,796.51",16 Players
2023,71.,"Iran, Islamic Republic of","$131,393.64",16 Players
2023,72.,Kyrgyzstan,"$127,647.45",48 Players
2023,73.,Algeria,"$125,566.76",21 Players
2023,74.,Montenegro,"$123,252.68",4 Players
2023,75.,Lithuania,"$122,577.11",52 Players
2023,76.,Switzerland,"$121,463.19",62 Players
2023,77.,Kuwait,"$116,450.02",66 Players
2023,78.,Colombia,"$112,541.63",91 Players
2023,79.,New Zealand,"$98,636.54",66 Players
2023,80.,Puerto Rico,"$92,391.71",25 Players
2023,81.,"Kosovo, Republic of","$86,158.34",10 Players
2023,82.,Ireland,"$84,990.65",43 Players
2023,83.,Greece,"$80,539.86",41 Players
2023,84.,Hong Kong,"$73,667.80",63 Players
2023,85.,Syrian Arab Republic,"$70,466.48",14 Players
2023,86.,Armenia,"$68,306.62",10 Players
2023,87.,Azerbaijan,"$66,447.54",19 Players
2023,88.,Georgia,"$65,434.66",34 Players
2023,89.,Uruguay,"$62,818.54",27 Players
2023,90.,Venezuela,"$48,352.99",20 Players
2023,91.,Lao People's Democratic Republic,"$31,746.69",14 Players
2023,92.,Qatar,"$28,535.46",10 Players
2023,93.,Panama,"$25,930.00",9 Players
2023,94.,Senegal,"$25,333.33",2 Players
2023,95.,Guatemala,"$22,456.35",15 Players
2023,96.,Iceland,"$22,282.73",25 Players
2023,97.,Ecuador,"$17,339.52",14 Players
2023,98.,Oman,"$16,850.00",9 Players
2023,99.,Costa Rica,"$15,356.66",14 Players
2023,100.,Luxembourg,"$12,876.25",13 Players
2023,101.,Nicaragua,"$11,370.98",3 Players
2023,102.,Macao,"$11,151.61",3 Players
2023,103.,Honduras,"$10,695.38",9 Players
2023,104.,Tunisia,"$10,588.36",24 Players
2023,105.,Bangladesh,"$10,209.84",8 Players
2023,106.,Yemen,"$10,016.67",2 Players
2023,107.,Malta,"$8,464.97",5 Players
2023,108.,Afghanistan,"$6,774.29",3 Players
2023,109.,Guyana,"$6,750.00",1 Player
2023,110.,Paraguay,"$6,633.33",6 Players
2023,111.,"Palestine, State of","$6,324.60",8 Players
2023,112.,Fiji,"$5,801.67",1 Player
2023,113.,Turkmenistan,"$5,000.00",5 Players
2023,114.,Albania,"$4,912.62",5 Players
2023,115.,Sudan,"$3,595.84",2 Players
2023,116.,Côte D'Ivoire,"$3,000.00",3 Players
2023,117.,Sri Lanka,"$2,485.71",2 Players
2023,118.,El Salvador,"$2,166.67",2 Players
2023,119.,Jamaica,"$1,827.36",3 Players
2023,120.,French Polynesia,"$1,525.42",1 Player
2023,121.,Isle of Man,"$1,500.00",1 Player
2023,122.,Nigeria,"$1,420.00",2 Players
2023,123.,Guernsey,"$1,416.67",1 Player
2023,124.,Brunei Darussalam,"$1,183.33",6 Players
2023,125.,Libyan Arab Jamahiriya,$950.00,2 Players
2023,126.,Trinidad and Tobago,$935.71,3 Players
2023,127.,Reunion,$800.00,2 Players
2023,128.,Gabon,$540.50,1 Player
2023,129.,Tuvalu,$500.00,1 Player
2023,130.,Monaco,$267.87,1 Player
2023,131.,Jersey,$62.33,1 Player
